Iteración,Falcon Version,Tamaño Mensaje,Tiempo Generación Claves,Tiempo Firma,Tiempo Verificación,Tiempo Total
1,Falcon1024,pequeño,41.5832,2.7381,0.1086,44.4299
2,Falcon1024,pequeño,30.7199,2.4502,0.1127,33.2828
3,Falcon1024,pequeño,50.1760,2.5319,0.1096,52.8175
4,Falcon1024,pequeño,30.6077,2.5134,0.1140,33.2351
5,Falcon1024,pequeño,21.9878,2.5106,0.1088,24.6072
6,Falcon1024,pequeño,22.5559,2.4980,0.1080,25.1619
7,Falcon1024,pequeño,23.2923,2.5898,0.1087,25.9908
8,Falcon1024,pequeño,52.8181,2.6203,0.1100,55.5484
9,Falcon1024,pequeño,29.0138,2.6586,0.1176,31.7900
10,Falcon1024,pequeño,22.2335,2.4856,0.1100,24.8291
11,Falcon1024,pequeño,21.7576,2.4981,0.1097,24.3654
12,Falcon1024,pequeño,29.8311,2.5250,0.1094,32.4655
13,Falcon1024,pequeño,49.3487,2.4890,0.1088,51.9465
14,Falcon1024,pequeño,21.7683,2.5014,0.1132,24.3829
15,Falcon1024,pequeño,30.4473,2.4897,0.1114,33.0484
16,Falcon1024,pequeño,27.2721,2.5264,0.1093,29.9078
17,Falcon1024,pequeño,23.8309,2.4859,0.1102,26.4270
18,Falcon1024,pequeño,21.9295,2.4803,0.1087,24.5185
19,Falcon1024,pequeño,25.3656,2.5624,0.1115,28.0395
20,Falcon1024,pequeño,31.2818,2.4356,0.1087,33.8261
21,Falcon1024,pequeño,23.6932,2.5005,0.1099,26.3036
22,Falcon1024,pequeño,39.1006,2.8867,0.1148,42.1021
23,Falcon1024,pequeño,26.8877,2.4618,0.1088,29.4583
24,Falcon1024,pequeño,23.9562,2.5645,0.1093,26.6300
25,Falcon1024,pequeño,27.4154,2.8456,0.1086,30.3696
26,Falcon1024,pequeño,25.4372,2.6266,0.1157,28.1795
27,Falcon1024,pequeño,31.5789,2.4192,0.1788,34.1769
28,Falcon1024,pequeño,41.6071,2.9921,0.1131,44.7123
29,Falcon1024,pequeño,22.7451,2.8154,0.1091,25.6696
30,Falcon1024,pequeño,34.3669,2.5921,0.1099,37.0689
31,Falcon1024,pequeño,23.2420,2.4792,0.1092,25.8304
32,Falcon1024,pequeño,25.6396,2.5577,0.1146,28.3119
33,Falcon1024,pequeño,33.3305,2.4805,0.1087,35.9197
34,Falcon1024,pequeño,45.4132,2.5453,0.1082,48.0667
35,Falcon1024,pequeño,55.5547,2.7284,0.1126,58.3957
36,Falcon1024,pequeño,24.9127,2.5329,0.1107,27.5563
37,Falcon1024,pequeño,27.4673,2.4735,0.1095,30.0503
38,Falcon1024,pequeño,28.2684,2.5190,0.1110,30.8984
39,Falcon1024,pequeño,33.6840,2.5792,0.1106,36.3738
40,Falcon1024,pequeño,27.3774,2.4767,0.1089,29.9630
41,Falcon1024,pequeño,28.2808,2.4722,0.1065,30.8595
42,Falcon1024,pequeño,24.7329,2.5237,0.1184,27.3750
43,Falcon1024,pequeño,41.3479,2.4929,0.1167,43.9575
44,Falcon1024,pequeño,26.5921,2.4758,0.1080,29.1759
45,Falcon1024,pequeño,24.4915,2.4925,0.1094,27.0934
46,Falcon1024,pequeño,23.5962,2.5431,0.1091,26.2484
47,Falcon1024,pequeño,24.2348,2.4286,0.1088,26.7722
48,Falcon1024,pequeño,32.3556,2.4505,0.1091,34.9152
49,Falcon1024,pequeño,26.6345,2.5331,0.1091,29.2767
50,Falcon1024,pequeño,39.4065,2.5202,0.1108,42.0375
51,Falcon1024,pequeño,21.8529,2.4548,0.1075,24.4152
52,Falcon1024,pequeño,25.9365,2.4478,0.1094,28.4937
53,Falcon1024,pequeño,47.4277,2.4882,0.1084,50.0243
54,Falcon1024,pequeño,21.8301,2.5352,0.1095,24.4748
55,Falcon1024,pequeño,41.8950,2.7854,0.1113,44.7917
56,Falcon1024,pequeño,28.3372,2.4885,0.1278,30.9535
57,Falcon1024,pequeño,31.4891,2.5681,0.1087,34.1659
58,Falcon1024,pequeño,37.2215,2.4865,0.1085,39.8165
59,Falcon1024,pequeño,33.1185,2.5632,0.1102,35.7919
60,Falcon1024,pequeño,23.2690,2.5212,0.1085,25.8987
61,Falcon1024,pequeño,32.2376,2.7637,0.1080,35.1093
62,Falcon1024,pequeño,33.8277,2.4732,0.1087,36.4096
63,Falcon1024,pequeño,25.5780,2.5949,0.1113,28.2842
64,Falcon1024,pequeño,25.5230,2.4673,0.1089,28.0992
65,Falcon1024,pequeño,30.3332,2.4875,0.1081,32.9288
66,Falcon1024,pequeño,22.5252,2.5454,0.1086,25.1792
67,Falcon1024,pequeño,31.2549,2.7376,0.1096,34.1021
68,Falcon1024,pequeño,52.4833,2.4978,0.1088,55.0899
69,Falcon1024,pequeño,34.4171,2.5280,0.1074,37.0525
70,Falcon1024,pequeño,58.7756,2.3924,0.1105,61.2785
71,Falcon1024,pequeño,42.3294,2.5075,0.1085,44.9454
72,Falcon1024,pequeño,28.2591,2.4608,0.1087,30.8286
73,Falcon1024,pequeño,33.4937,2.4416,0.1099,36.0452
74,Falcon1024,pequeño,25.6317,2.4615,0.1105,28.2037
75,Falcon1024,pequeño,34.5367,2.4993,0.1099,37.1459
76,Falcon1024,pequeño,35.6903,2.4215,0.1089,38.2207
77,Falcon1024,pequeño,33.6090,2.4594,0.1077,36.1761
78,Falcon1024,pequeño,43.5120,2.5237,0.1096,46.1453
79,Falcon1024,pequeño,26.4078,2.4662,0.1083,28.9823
80,Falcon1024,pequeño,31.0048,2.4666,0.1082,33.5796
81,Falcon1024,pequeño,28.1472,2.5211,0.1103,30.7786
82,Falcon1024,pequeño,54.8739,2.4722,0.1086,57.4547
83,Falcon1024,pequeño,59.6918,2.5329,0.1088,62.3335
84,Falcon1024,pequeño,41.3786,2.4638,0.1098,43.9522
85,Falcon1024,pequeño,22.5656,2.6028,0.1095,25.2779
86,Falcon1024,pequeño,36.5894,2.5130,0.1823,39.2847
87,Falcon1024,pequeño,29.6646,2.4660,0.1121,32.2427
88,Falcon1024,pequeño,31.4588,2.3873,0.1089,33.9550
89,Falcon1024,pequeño,38.1017,2.4616,0.1098,40.6731
90,Falcon1024,pequeño,23.4284,2.4107,0.1107,25.9498
91,Falcon1024,pequeño,24.9778,2.4856,0.1071,27.5705
92,Falcon1024,pequeño,23.7695,2.5692,0.1103,26.4490
93,Falcon1024,pequeño,22.2090,2.5070,0.1086,24.8246
94,Falcon1024,pequeño,24.9417,2.4747,0.1134,27.5298
95,Falcon1024,pequeño,25.9147,2.4746,0.1097,28.4990
96,Falcon1024,pequeño,35.6364,2.4929,0.1084,38.2377
97,Falcon1024,pequeño,23.0650,2.4769,0.1073,25.6492
98,Falcon1024,pequeño,28.7717,2.4369,0.1097,31.3183
99,Falcon1024,pequeño,23.7915,2.6241,0.1084,26.5240
100,Falcon1024,pequeño,23.9443,2.3958,0.1173,26.4574
101,Falcon1024,pequeño,23.1824,2.4798,0.1083,25.7705
102,Falcon1024,pequeño,60.0617,2.4774,0.1097,62.6488
103,Falcon1024,pequeño,38.3069,2.5159,0.1103,40.9331
104,Falcon1024,pequeño,40.0265,2.5098,0.1094,42.6457
105,Falcon1024,pequeño,24.4923,2.7070,0.1128,27.3121
106,Falcon1024,pequeño,33.7705,2.3941,0.1210,36.2856
107,Falcon1024,pequeño,37.5799,2.4979,0.1062,40.1840
108,Falcon1024,pequeño,33.7309,2.4922,0.1083,36.3314
109,Falcon1024,pequeño,31.3108,2.5149,0.1080,33.9337
110,Falcon1024,pequeño,62.7521,2.5243,0.1077,65.3841
111,Falcon1024,pequeño,25.7171,2.4893,0.1087,28.3151
112,Falcon1024,pequeño,41.8970,2.4425,0.1079,44.4474
113,Falcon1024,pequeño,26.8114,2.4286,0.1095,29.3495
114,Falcon1024,pequeño,27.7026,2.4613,0.1073,30.2712
115,Falcon1024,pequeño,49.7016,2.5126,0.1095,52.3237
116,Falcon1024,pequeño,48.2393,2.4764,0.1085,50.8242
117,Falcon1024,pequeño,30.5025,2.4653,0.1092,33.0770
118,Falcon1024,pequeño,22.8349,2.4130,0.1103,25.3582
119,Falcon1024,pequeño,26.5492,2.5156,0.1097,29.1745
120,Falcon1024,pequeño,34.1346,2.4371,0.1079,36.6796
121,Falcon1024,pequeño,21.8384,2.4602,0.1095,24.4081
122,Falcon1024,pequeño,29.9376,2.5416,0.1084,32.5876
123,Falcon1024,pequeño,63.8019,2.5543,0.1079,66.4641
124,Falcon1024,pequeño,21.9843,2.4988,0.1088,24.5919
125,Falcon1024,pequeño,26.5704,2.4565,0.1090,29.1359
126,Falcon1024,pequeño,28.8589,2.4559,0.1134,31.4282
127,Falcon1024,pequeño,28.3590,2.4653,0.1099,30.9342
128,Falcon1024,pequeño,63.2062,2.4300,0.1088,65.7450
129,Falcon1024,pequeño,28.7993,2.5483,0.1073,31.4549
130,Falcon1024,pequeño,42.0691,2.5291,0.1102,44.7084
131,Falcon1024,pequeño,22.3617,2.4718,0.1090,24.9425
132,Falcon1024,pequeño,23.9699,2.4798,0.1078,26.5575
133,Falcon1024,pequeño,42.9821,2.5534,0.1082,45.6437
134,Falcon1024,pequeño,21.8639,2.4835,0.1192,24.4666
135,Falcon1024,pequeño,27.3732,2.4544,0.1157,29.9433
136,Falcon1024,pequeño,25.3605,2.4622,0.1159,27.9386
137,Falcon1024,pequeño,21.8414,2.4303,0.1075,24.3792
138,Falcon1024,pequeño,23.6864,2.4379,0.1108,26.2351
139,Falcon1024,pequeño,25.2405,2.4805,0.1079,27.8289
140,Falcon1024,pequeño,22.5563,2.5327,0.1106,25.1996
141,Falcon1024,pequeño,43.7084,2.4626,0.1089,46.2799
142,Falcon1024,pequeño,24.7656,2.5343,0.1085,27.4084
143,Falcon1024,pequeño,44.7113,2.4682,0.1084,47.2879
144,Falcon1024,pequeño,23.6216,2.5140,0.1090,26.2446
145,Falcon1024,pequeño,56.4144,2.5211,0.1139,59.0494
146,Falcon1024,pequeño,35.9951,2.4622,0.1140,38.5713
147,Falcon1024,pequeño,23.0150,2.4841,0.1090,25.6081
148,Falcon1024,pequeño,28.4456,2.5554,0.1091,31.1101
149,Falcon1024,pequeño,33.7031,2.4751,0.1094,36.2876
150,Falcon1024,pequeño,30.4048,2.4932,0.1103,33.0083
151,Falcon1024,pequeño,23.4953,2.4429,0.1110,26.0492
152,Falcon1024,pequeño,32.7760,2.4500,0.1119,35.3379
153,Falcon1024,pequeño,22.2695,2.3783,0.1092,24.7570
154,Falcon1024,pequeño,30.0044,2.4638,0.1101,32.5783
155,Falcon1024,pequeño,36.1833,2.5202,0.1148,38.8183
156,Falcon1024,pequeño,21.8060,2.5045,0.1088,24.4193
157,Falcon1024,pequeño,23.1431,2.4453,0.1095,25.6979
158,Falcon1024,pequeño,45.3147,2.4827,0.1083,47.9057
159,Falcon1024,pequeño,33.2255,2.4721,0.1150,35.8126
160,Falcon1024,pequeño,21.7288,2.4640,0.1079,24.3007
161,Falcon1024,pequeño,37.5830,2.4851,0.1090,40.1771
162,Falcon1024,pequeño,35.1280,2.4652,0.1116,37.7048
163,Falcon1024,pequeño,22.6533,2.4783,0.1113,25.2429
164,Falcon1024,pequeño,35.0511,2.4129,0.1075,37.5715
165,Falcon1024,pequeño,41.3470,2.4240,0.1103,43.8813
166,Falcon1024,pequeño,29.1241,2.3814,0.1096,31.6151
167,Falcon1024,pequeño,24.2380,2.4723,0.1095,26.8198
168,Falcon1024,pequeño,72.2480,2.5196,0.1108,74.8784
169,Falcon1024,pequeño,29.1121,2.4923,0.1088,31.7132
170,Falcon1024,pequeño,22.1963,2.4776,0.1086,24.7825
171,Falcon1024,pequeño,28.6439,2.4002,0.1099,31.1540
172,Falcon1024,pequeño,26.5727,2.4563,0.1783,29.2073
173,Falcon1024,pequeño,41.5360,2.8314,0.1130,44.4804
174,Falcon1024,pequeño,22.5666,2.4687,0.1107,25.1460
175,Falcon1024,pequeño,27.0373,2.5109,0.1095,29.6577
176,Falcon1024,pequeño,44.2750,2.4483,0.1142,46.8375
177,Falcon1024,pequeño,25.5229,2.4659,0.1116,28.1004
178,Falcon1024,pequeño,23.5827,2.5087,0.1087,26.2001
179,Falcon1024,pequeño,66.1956,2.4002,0.1100,68.7058
180,Falcon1024,pequeño,22.2590,2.5423,0.1094,24.9107
181,Falcon1024,pequeño,22.9548,2.4299,0.1095,25.4942
182,Falcon1024,pequeño,49.6450,2.4810,0.1172,52.2432
183,Falcon1024,pequeño,26.7478,2.4698,0.1088,29.3264
184,Falcon1024,pequeño,24.5548,2.5872,0.1128,27.2548
185,Falcon1024,pequeño,92.0271,2.5195,0.1098,94.6564
186,Falcon1024,pequeño,53.9190,2.4031,0.1095,56.4316
187,Falcon1024,pequeño,23.2089,2.5236,0.1080,25.8405
188,Falcon1024,pequeño,32.8474,2.4109,0.1200,35.3783
189,Falcon1024,pequeño,34.0864,2.5678,0.1188,36.7730
190,Falcon1024,pequeño,22.1960,2.4632,0.1088,24.7680
191,Falcon1024,pequeño,27.3647,2.4386,0.1082,29.9115
192,Falcon1024,pequeño,22.9067,2.4908,0.1081,25.5056
193,Falcon1024,pequeño,25.4300,2.4653,0.1078,28.0031
194,Falcon1024,pequeño,61.9332,2.4626,0.1252,64.5210
195,Falcon1024,pequeño,21.7711,2.5206,0.1087,24.4004
196,Falcon1024,pequeño,26.7839,2.4852,0.1071,29.3762
197,Falcon1024,pequeño,47.0952,2.4661,0.1093,49.6706
198,Falcon1024,pequeño,25.8532,2.4638,0.1143,28.4313
199,Falcon1024,pequeño,24.6167,2.4438,0.1103,27.1708
200,Falcon1024,pequeño,29.8455,2.4760,0.1100,32.4315
201,Falcon1024,pequeño,36.8436,2.4555,0.1086,39.4077
202,Falcon1024,pequeño,21.7562,2.5002,0.1096,24.3660
203,Falcon1024,pequeño,25.3347,2.4431,0.1093,27.8871
204,Falcon1024,pequeño,24.6268,2.5158,0.1085,27.2511
205,Falcon1024,pequeño,23.1269,2.4282,0.1084,25.6635
206,Falcon1024,pequeño,27.1571,2.4182,0.1079,29.6832
207,Falcon1024,pequeño,40.1261,2.6402,0.1132,42.8795
208,Falcon1024,pequeño,25.8754,2.5201,0.1088,28.5043
209,Falcon1024,pequeño,47.6559,2.3940,0.1165,50.1664
210,Falcon1024,pequeño,24.2624,2.5153,0.1091,26.8868
211,Falcon1024,pequeño,22.2141,2.4623,0.1099,24.7863
212,Falcon1024,pequeño,32.2831,2.7015,0.1098,35.0944
213,Falcon1024,pequeño,57.4886,2.4668,0.1172,60.0726
214,Falcon1024,pequeño,43.1340,2.4061,0.1803,45.7204
215,Falcon1024,pequeño,41.8411,2.5724,0.1082,44.5217
216,Falcon1024,pequeño,46.7693,2.4872,0.1143,49.3708
217,Falcon1024,pequeño,40.4604,2.7967,0.1115,43.3686
218,Falcon1024,pequeño,24.9799,2.4701,0.1110,27.5610
219,Falcon1024,pequeño,21.7967,2.4760,0.1085,24.3812
220,Falcon1024,pequeño,31.5789,2.4553,0.1080,34.1422
221,Falcon1024,pequeño,36.3119,2.4356,0.1091,38.8566
222,Falcon1024,pequeño,38.8748,2.4394,0.1106,41.4248
223,Falcon1024,pequeño,30.4492,2.5266,0.1157,33.0915
224,Falcon1024,pequeño,25.5479,2.6413,0.1132,28.3024
225,Falcon1024,pequeño,25.0809,2.5517,0.1093,27.7419
226,Falcon1024,pequeño,24.0014,2.4330,0.1709,26.6053
227,Falcon1024,pequeño,27.7438,2.4558,0.1084,30.3080
228,Falcon1024,pequeño,26.6468,2.4187,0.1087,29.1742
229,Falcon1024,pequeño,22.4558,2.4754,0.1094,25.0406
230,Falcon1024,pequeño,25.0016,2.4492,0.1150,27.5658
231,Falcon1024,pequeño,28.3235,2.5433,0.1090,30.9758
232,Falcon1024,pequeño,33.5783,2.4496,0.1075,36.1354
233,Falcon1024,pequeño,82.3650,2.4329,0.1103,84.9082
234,Falcon1024,pequeño,73.5423,2.6401,0.1094,76.2918
235,Falcon1024,pequeño,52.7704,2.5098,0.1178,55.3980
236,Falcon1024,pequeño,59.9043,2.5016,0.1100,62.5159
237,Falcon1024,pequeño,26.9847,2.4892,0.1133,29.5872
238,Falcon1024,pequeño,23.1275,2.4800,0.1182,25.7257
239,Falcon1024,pequeño,27.3524,2.3980,0.1175,29.8679
240,Falcon1024,pequeño,33.5082,2.5518,0.1082,36.1682
241,Falcon1024,pequeño,32.8857,2.4885,0.1089,35.4831
242,Falcon1024,pequeño,26.2281,2.4748,0.1095,28.8124
243,Falcon1024,pequeño,44.1628,2.5391,0.1078,46.8097
244,Falcon1024,pequeño,24.5838,2.4971,0.1134,27.1943
245,Falcon1024,pequeño,71.9700,2.6151,0.1097,74.6948
246,Falcon1024,pequeño,22.6061,3.0275,0.1121,25.7457
247,Falcon1024,pequeño,38.6110,2.5141,0.1093,41.2344
248,Falcon1024,pequeño,49.9335,2.4725,0.1085,52.5145
249,Falcon1024,pequeño,53.6873,2.5214,0.1107,56.3194
250,Falcon1024,pequeño,23.3888,2.5263,0.1112,26.0263
251,Falcon1024,pequeño,23.1610,2.4739,0.1100,25.7449
252,Falcon1024,pequeño,27.5804,2.4167,0.1110,30.1081
253,Falcon1024,pequeño,22.2478,2.4358,0.1106,24.7942
254,Falcon1024,pequeño,22.3533,2.4983,0.1121,24.9637
255,Falcon1024,pequeño,23.1159,2.5125,0.1078,25.7362
256,Falcon1024,pequeño,43.7006,2.5223,0.1096,46.3325
257,Falcon1024,pequeño,25.7945,2.5234,0.1142,28.4321
258,Falcon1024,pequeño,43.1052,2.5125,0.1084,45.7261
259,Falcon1024,pequeño,25.5947,2.4926,0.1181,28.2054
260,Falcon1024,pequeño,23.9532,2.5348,0.1121,26.6001
261,Falcon1024,pequeño,24.8876,2.4577,0.1086,27.4539
262,Falcon1024,pequeño,22.5159,2.4395,0.1116,25.0670
263,Falcon1024,pequeño,21.8206,2.4829,0.1104,24.4139
264,Falcon1024,pequeño,29.9488,2.4201,0.1084,32.4773
265,Falcon1024,pequeño,24.4069,2.4897,0.1082,27.0048
266,Falcon1024,pequeño,30.1153,2.3886,0.1182,32.6221
267,Falcon1024,pequeño,21.9081,2.4886,0.1094,24.5061
268,Falcon1024,pequeño,28.7138,2.4573,0.1077,31.2788
269,Falcon1024,pequeño,25.6992,2.4843,0.1106,28.2941
270,Falcon1024,pequeño,25.5065,2.3891,0.1735,28.0691
271,Falcon1024,pequeño,24.6833,2.4844,0.1086,27.2763
272,Falcon1024,pequeño,29.8099,2.4479,0.1092,32.3670
273,Falcon1024,pequeño,40.4465,2.4773,0.1078,43.0316
274,Falcon1024,pequeño,32.0972,2.4862,0.1080,34.6914
275,Falcon1024,pequeño,25.9893,2.6225,0.1092,28.7210
276,Falcon1024,pequeño,44.6612,2.3906,0.1163,47.1681
277,Falcon1024,pequeño,31.7269,2.5291,0.1099,34.3659
278,Falcon1024,pequeño,49.3295,2.4392,0.1811,51.9498
279,Falcon1024,pequeño,26.4728,2.4806,0.1078,29.0612
280,Falcon1024,pequeño,24.0730,2.4917,0.1107,26.6754
281,Falcon1024,pequeño,76.5033,2.4570,0.1079,79.0682
282,Falcon1024,pequeño,32.8639,2.4553,0.1106,35.4298
283,Falcon1024,pequeño,24.8918,2.5312,0.1090,27.5320
284,Falcon1024,pequeño,40.3281,2.6175,0.1105,43.0561
285,Falcon1024,pequeño,28.8427,2.4817,0.1166,31.4410
286,Falcon1024,pequeño,24.8848,2.6062,0.1112,27.6022
287,Falcon1024,pequeño,26.2605,2.4984,0.1091,28.8680
288,Falcon1024,pequeño,49.5683,2.5819,0.1090,52.2592
289,Falcon1024,pequeño,52.2737,2.4803,0.1088,54.8628
290,Falcon1024,pequeño,21.8488,2.4817,0.1088,24.4393
291,Falcon1024,pequeño,28.7125,2.5443,0.1091,31.3659
292,Falcon1024,pequeño,21.7621,2.4729,0.1097,24.3447
293,Falcon1024,pequeño,48.3802,2.4873,0.1095,50.9770
294,Falcon1024,pequeño,24.3566,2.5328,0.1087,26.9981
295,Falcon1024,pequeño,32.2322,2.4731,0.1143,34.8196
296,Falcon1024,pequeño,21.8076,2.3893,0.1087,24.3056
297,Falcon1024,pequeño,32.0189,2.5414,0.1092,34.6695
298,Falcon1024,pequeño,56.5014,2.4231,0.1082,59.0327
299,Falcon1024,pequeño,24.5587,2.4857,0.1075,27.1519
300,Falcon1024,pequeño,55.2051,2.5173,0.1131,57.8355
301,Falcon1024,pequeño,43.4710,2.4993,0.1089,46.0792
302,Falcon1024,pequeño,22.5742,2.4823,0.1091,25.1656
303,Falcon1024,pequeño,22.7863,2.4295,0.1909,25.4067
304,Falcon1024,pequeño,28.2561,2.4114,0.1087,30.7762
305,Falcon1024,pequeño,24.5659,2.4601,0.1102,27.1362
306,Falcon1024,pequeño,28.3821,2.5149,0.1135,31.0105
307,Falcon1024,pequeño,21.8452,2.4661,0.1104,24.4217
308,Falcon1024,pequeño,43.1817,2.4247,0.1095,45.7159
309,Falcon1024,pequeño,23.0875,2.5174,0.1092,25.7141
310,Falcon1024,pequeño,48.7368,2.4260,0.1088,51.2716
311,Falcon1024,pequeño,28.1212,2.6385,0.1134,30.8731
312,Falcon1024,pequeño,64.5640,2.4309,0.1099,67.1048
313,Falcon1024,pequeño,25.2034,2.5379,0.1089,27.8502
314,Falcon1024,pequeño,21.8260,2.4884,0.1086,24.4230
315,Falcon1024,pequeño,32.6273,2.4653,0.1102,35.2028
316,Falcon1024,pequeño,45.5633,2.4894,0.1164,48.1691
317,Falcon1024,pequeño,22.2654,2.5484,0.1177,24.9315
318,Falcon1024,pequeño,23.4347,2.4876,0.1096,26.0319
319,Falcon1024,pequeño,56.2689,2.4470,0.1137,58.8296
320,Falcon1024,pequeño,23.8890,2.4520,0.1131,26.4541
321,Falcon1024,pequeño,32.5134,2.5099,0.1069,35.1302
322,Falcon1024,pequeño,26.0069,2.4819,0.1081,28.5969
323,Falcon1024,pequeño,44.1673,2.5246,0.1087,46.8006
324,Falcon1024,pequeño,71.1702,2.4544,0.1080,73.7326
325,Falcon1024,pequeño,24.8960,2.4376,0.1094,27.4430
326,Falcon1024,pequeño,26.6699,2.4688,0.1087,29.2474
327,Falcon1024,pequeño,40.2601,2.4348,0.1082,42.8031
328,Falcon1024,pequeño,38.1330,2.6137,0.1098,40.8565
329,Falcon1024,pequeño,25.1485,2.4784,0.1073,27.7342
330,Falcon1024,pequeño,51.1921,2.4811,0.1099,53.7831
331,Falcon1024,pequeño,28.6623,2.5002,0.1073,31.2698
332,Falcon1024,pequeño,39.1007,2.4153,0.1098,41.6258
333,Falcon1024,pequeño,69.4230,2.5357,0.1096,72.0683
334,Falcon1024,pequeño,22.5541,2.4043,0.1100,25.0684
335,Falcon1024,pequeño,28.5793,2.4457,0.1135,31.1385
336,Falcon1024,pequeño,39.9350,2.5022,0.1100,42.5472
337,Falcon1024,pequeño,31.5228,2.4997,0.1092,34.1317
338,Falcon1024,pequeño,21.7703,2.5157,0.1119,24.3979
339,Falcon1024,pequeño,23.6863,2.4101,0.1171,26.2135
340,Falcon1024,pequeño,27.7932,2.5373,0.1098,30.4403
341,Falcon1024,pequeño,27.3302,2.4976,0.1093,29.9371
342,Falcon1024,pequeño,22.5045,2.4533,0.1088,25.0666
343,Falcon1024,pequeño,22.2955,2.4808,0.1107,24.8870
344,Falcon1024,pequeño,46.4209,2.4467,0.1100,48.9776
345,Falcon1024,pequeño,29.2273,2.5309,0.1097,31.8679
346,Falcon1024,pequeño,58.8001,2.3970,0.1092,61.3063
347,Falcon1024,pequeño,51.4872,2.4897,0.1153,54.0922
348,Falcon1024,pequeño,22.6555,2.5387,0.1132,25.3074
349,Falcon1024,pequeño,32.3409,2.4942,0.1097,34.9448
350,Falcon1024,pequeño,22.3792,2.4960,0.1099,24.9851
351,Falcon1024,pequeño,25.3681,2.5129,0.1083,27.9893
352,Falcon1024,pequeño,51.9259,2.4886,0.1160,54.5305
353,Falcon1024,pequeño,24.3531,2.4858,0.1137,26.9526
354,Falcon1024,pequeño,40.6037,2.5333,0.1089,43.2459
355,Falcon1024,pequeño,22.2309,2.4720,0.1074,24.8103
356,Falcon1024,pequeño,51.9059,2.4569,0.1083,54.4711
357,Falcon1024,pequeño,24.8635,2.4750,0.1088,27.4473
358,Falcon1024,pequeño,66.0165,2.4331,0.1084,68.5580
359,Falcon1024,pequeño,25.7456,2.5164,0.1083,28.3703
360,Falcon1024,pequeño,26.5843,2.3861,0.1092,29.0796
361,Falcon1024,pequeño,25.1963,2.5457,0.1100,27.8520
362,Falcon1024,pequeño,28.1592,2.4453,0.1154,30.7199
363,Falcon1024,pequeño,25.1639,2.4213,0.1090,27.6942
364,Falcon1024,pequeño,36.2062,2.4812,0.1083,38.7957
365,Falcon1024,pequeño,21.9813,2.6015,0.1110,24.6938
366,Falcon1024,pequeño,27.1122,2.5269,0.1093,29.7484
367,Falcon1024,pequeño,56.5613,2.4920,0.1065,59.1598
368,Falcon1024,pequeño,40.9419,2.5204,0.1185,43.5808
369,Falcon1024,pequeño,34.0292,2.5904,0.1133,36.7329
370,Falcon1024,pequeño,23.4141,2.4908,0.1088,26.0137
371,Falcon1024,pequeño,21.8969,2.5754,0.1095,24.5818
372,Falcon1024,pequeño,25.8841,2.4844,0.1164,28.4849
373,Falcon1024,pequeño,31.2281,2.4672,0.1094,33.8047
374,Falcon1024,pequeño,30.5437,2.4353,0.1151,33.0941
375,Falcon1024,pequeño,26.7234,2.5055,0.1083,29.3372
376,Falcon1024,pequeño,24.3810,2.6308,0.1099,27.1217
377,Falcon1024,pequeño,23.1334,2.5201,0.1091,25.7626
378,Falcon1024,pequeño,22.4374,2.4798,0.1090,25.0262
379,Falcon1024,pequeño,73.3468,2.4879,0.1082,75.9429
380,Falcon1024,pequeño,25.1028,2.4694,0.1086,27.6808
381,Falcon1024,pequeño,22.4162,2.3924,0.1092,24.9178
382,Falcon1024,pequeño,28.5728,2.4153,0.1103,31.0984
383,Falcon1024,pequeño,60.7956,2.5049,0.1086,63.4091
384,Falcon1024,pequeño,40.5759,2.4493,0.1099,43.1351
385,Falcon1024,pequeño,24.7184,2.4191,0.1103,27.2478
386,Falcon1024,pequeño,24.0068,2.5240,0.1090,26.6398
387,Falcon1024,pequeño,33.4464,2.5018,0.1187,36.0669
388,Falcon1024,pequeño,35.9275,2.4741,0.1098,38.5114
389,Falcon1024,pequeño,34.0502,2.5203,0.1090,36.6795
390,Falcon1024,pequeño,39.8988,2.5133,0.1090,42.5211
391,Falcon1024,pequeño,23.6579,2.4617,0.1083,26.2279
392,Falcon1024,pequeño,24.5883,2.4835,0.1082,27.1800
393,Falcon1024,pequeño,29.7464,2.5058,0.1098,32.3620
394,Falcon1024,pequeño,44.7290,2.4770,0.1116,47.3176
395,Falcon1024,pequeño,22.1149,2.4041,0.1752,24.6942
396,Falcon1024,pequeño,56.8400,2.5067,0.1094,59.4561
397,Falcon1024,pequeño,29.8052,2.4735,0.1082,32.3869
398,Falcon1024,pequeño,22.1176,2.5310,0.1097,24.7583
399,Falcon1024,pequeño,21.7494,2.3862,0.1172,24.2528
400,Falcon1024,pequeño,22.3910,2.4874,0.1151,24.9935
401,Falcon1024,pequeño,30.4438,2.5154,0.1095,33.0687
402,Falcon1024,pequeño,73.0532,2.4685,0.1095,75.6312
403,Falcon1024,pequeño,27.0600,2.3857,0.1098,29.5555
404,Falcon1024,pequeño,32.2979,2.4327,0.1086,34.8392
405,Falcon1024,pequeño,46.3133,2.4485,0.1090,48.8708
406,Falcon1024,pequeño,29.5795,2.4915,0.1069,32.1779
407,Falcon1024,pequeño,23.3000,2.4669,0.1096,25.8765
408,Falcon1024,pequeño,43.6558,2.5180,0.1096,46.2834
409,Falcon1024,pequeño,29.8523,2.4571,0.1120,32.4214
410,Falcon1024,pequeño,25.1859,2.5149,0.1154,27.8162
411,Falcon1024,pequeño,31.6930,2.5402,0.1080,34.3412
412,Falcon1024,pequeño,58.5607,2.4703,0.1090,61.1400
413,Falcon1024,pequeño,22.6419,2.4650,0.1088,25.2157
414,Falcon1024,pequeño,36.4319,2.5322,0.1161,39.0802
415,Falcon1024,pequeño,28.8682,2.4239,0.1098,31.4019
416,Falcon1024,pequeño,26.7005,2.4787,0.1079,29.2871
417,Falcon1024,pequeño,30.7056,2.5039,0.1092,33.3187
418,Falcon1024,pequeño,37.1034,2.5003,0.1103,39.7140
419,Falcon1024,pequeño,23.6761,2.4691,0.1070,26.2522
420,Falcon1024,pequeño,30.0046,2.4381,0.1149,32.5576
421,Falcon1024,pequeño,40.4193,2.5774,0.1171,43.1138
422,Falcon1024,pequeño,29.1709,2.5003,0.1093,31.7805
423,Falcon1024,pequeño,26.7659,2.4303,0.1121,29.3083
424,Falcon1024,pequeño,22.2672,2.6841,0.1105,25.0618
425,Falcon1024,pequeño,28.8678,2.5335,0.1101,31.5114
426,Falcon1024,pequeño,37.8084,2.4803,0.1123,40.4010
427,Falcon1024,pequeño,36.0417,2.3944,0.1089,38.5450
428,Falcon1024,pequeño,24.8946,2.4609,0.1070,27.4625
429,Falcon1024,pequeño,22.4003,2.4648,0.1127,24.9778
430,Falcon1024,pequeño,38.9617,2.4928,0.1135,41.5680
431,Falcon1024,pequeño,28.6193,2.4508,0.1083,31.1784
432,Falcon1024,pequeño,41.4232,2.5206,0.1092,44.0530
433,Falcon1024,pequeño,41.3734,2.4725,0.1096,43.9555
434,Falcon1024,pequeño,23.6816,2.4722,0.1115,26.2653
435,Falcon1024,pequeño,27.8949,2.5295,0.1088,30.5332
436,Falcon1024,pequeño,23.9323,2.4415,0.1146,26.4884
437,Falcon1024,pequeño,22.9572,2.4032,0.1099,25.4703
438,Falcon1024,pequeño,22.7417,2.5117,0.1090,25.3624
439,Falcon1024,pequeño,23.0575,2.5546,0.1109,25.7230
440,Falcon1024,pequeño,23.8799,2.3960,0.1120,26.3879
441,Falcon1024,pequeño,23.2325,2.5182,0.1095,25.8602
442,Falcon1024,pequeño,38.2794,2.5249,0.1093,40.9136
443,Falcon1024,pequeño,23.8597,2.4686,0.1093,26.4376
444,Falcon1024,pequeño,29.8440,2.4833,0.1071,32.4344
445,Falcon1024,pequeño,45.1637,2.5527,0.1085,47.8249
446,Falcon1024,pequeño,28.2398,2.6002,0.1087,30.9487
447,Falcon1024,pequeño,29.6404,2.4442,0.1093,32.1939
448,Falcon1024,pequeño,22.7313,2.5082,0.1070,25.3465
449,Falcon1024,pequeño,52.2964,2.4963,0.1105,54.9032
450,Falcon1024,pequeño,24.5160,2.4246,0.1105,27.0511
451,Falcon1024,pequeño,29.1184,2.4020,0.1193,31.6397
452,Falcon1024,pequeño,26.2411,2.5922,0.1927,29.0260
453,Falcon1024,pequeño,27.0855,2.4498,0.1079,29.6432
454,Falcon1024,pequeño,23.7357,2.4701,0.1090,26.3148
455,Falcon1024,pequeño,39.0303,2.4484,0.1078,41.5865
456,Falcon1024,pequeño,22.4430,2.4621,0.1128,25.0179
457,Falcon1024,pequeño,39.0502,2.5019,0.1089,41.6610
458,Falcon1024,pequeño,22.4584,2.5047,0.1086,25.0717
459,Falcon1024,pequeño,24.2593,2.4553,0.1099,26.8245
460,Falcon1024,pequeño,23.1197,2.4974,0.1103,25.7274
461,Falcon1024,pequeño,39.4775,2.5524,0.1092,42.1391
462,Falcon1024,pequeño,45.5337,2.5071,0.1087,48.1495
463,Falcon1024,pequeño,30.9078,2.4805,0.1067,33.4950
464,Falcon1024,pequeño,25.4796,2.5128,0.1121,28.1045
465,Falcon1024,pequeño,40.5178,2.3930,0.1084,43.0192
466,Falcon1024,pequeño,26.0389,2.5524,0.1093,28.7006
467,Falcon1024,pequeño,22.0272,2.5472,0.1164,24.6908
468,Falcon1024,pequeño,26.3595,2.5963,0.1082,29.0640
469,Falcon1024,pequeño,21.6577,2.5486,0.1095,24.3158
470,Falcon1024,pequeño,40.6399,2.4743,0.1107,43.2249
471,Falcon1024,pequeño,27.6242,2.3756,0.1206,30.1204
472,Falcon1024,pequeño,35.8113,2.4160,0.1086,38.3359
473,Falcon1024,pequeño,49.5343,2.4500,0.1108,52.0951
474,Falcon1024,pequeño,25.5694,2.4673,0.1094,28.1461
475,Falcon1024,pequeño,23.1431,2.5421,0.1097,25.7949
476,Falcon1024,pequeño,50.5380,2.5549,0.1081,53.2010
477,Falcon1024,pequeño,36.1741,2.4542,0.1093,38.7376
478,Falcon1024,pequeño,46.9911,2.4422,0.1099,49.5432
479,Falcon1024,pequeño,22.8180,2.4765,0.1094,25.4039
480,Falcon1024,pequeño,24.3702,2.4511,0.1096,26.9309
481,Falcon1024,pequeño,53.7912,2.4664,0.1167,56.3743
482,Falcon1024,pequeño,27.8543,2.4504,0.1101,30.4148
483,Falcon1024,pequeño,40.0868,2.5444,0.1083,42.7395
484,Falcon1024,pequeño,38.5424,2.4172,0.1078,41.0674
485,Falcon1024,pequeño,52.1246,2.4688,0.1078,54.7012
486,Falcon1024,pequeño,23.0432,2.4902,0.1091,25.6425
487,Falcon1024,pequeño,42.4559,2.4847,0.1110,45.0516
488,Falcon1024,pequeño,22.3680,2.4443,0.1085,24.9208
489,Falcon1024,pequeño,80.4237,2.6237,0.1121,83.1595
490,Falcon1024,pequeño,32.8801,2.5452,0.1092,35.5345
491,Falcon1024,pequeño,47.5052,2.4669,0.1094,50.0815
492,Falcon1024,pequeño,23.7659,2.5919,0.1116,26.4694
493,Falcon1024,pequeño,39.8151,2.4905,0.1076,42.4132
494,Falcon1024,pequeño,52.4934,2.4746,0.1237,55.0917
495,Falcon1024,pequeño,23.1486,2.4999,0.1098,25.7583
496,Falcon1024,pequeño,22.8802,2.4451,0.1103,25.4356
497,Falcon1024,pequeño,22.7470,2.5015,0.1075,25.3560
498,Falcon1024,pequeño,22.4584,2.5719,0.1159,25.1462
499,Falcon1024,pequeño,24.3929,2.4596,0.1104,26.9629
500,Falcon1024,pequeño,28.9951,2.4601,0.1081,31.5633
501,Falcon1024,pequeño,22.9392,2.4730,0.1089,25.5211
502,Falcon1024,pequeño,29.2290,2.5347,0.1152,31.8789
503,Falcon1024,pequeño,61.3820,2.4512,0.1177,63.9509
504,Falcon1024,pequeño,35.9712,2.4991,0.1088,38.5791
505,Falcon1024,pequeño,36.8053,2.4851,0.1122,39.4026
506,Falcon1024,pequeño,27.6854,2.3939,0.1115,30.1908
507,Falcon1024,pequeño,41.4360,2.5029,0.1096,44.0485
508,Falcon1024,pequeño,22.3719,2.4882,0.1093,24.9694
509,Falcon1024,pequeño,27.0208,2.4850,0.1091,29.6149
510,Falcon1024,pequeño,22.6936,2.4585,0.1071,25.2592
511,Falcon1024,pequeño,34.8199,2.5212,0.1188,37.4599
512,Falcon1024,pequeño,25.8183,2.4633,0.1083,28.3899
513,Falcon1024,pequeño,23.1989,2.4917,0.1769,25.8675
514,Falcon1024,pequeño,28.3422,2.5593,0.1070,31.0085
515,Falcon1024,pequeño,24.1085,2.4582,0.1086,26.6753
516,Falcon1024,pequeño,21.6835,2.4644,0.1079,24.2558
517,Falcon1024,pequeño,38.2213,2.4155,0.1088,40.7456
518,Falcon1024,pequeño,28.7185,2.5282,0.1108,31.3575
519,Falcon1024,pequeño,55.1174,2.4639,0.1074,57.6887
520,Falcon1024,pequeño,28.4940,2.6967,0.1096,31.3003
521,Falcon1024,pequeño,31.5909,2.5236,0.1178,34.2323
522,Falcon1024,pequeño,22.5522,2.4665,0.1080,25.1267
523,Falcon1024,pequeño,32.9114,2.3974,0.1090,35.4178
524,Falcon1024,pequeño,29.7701,2.4301,0.1164,32.3166
525,Falcon1024,pequeño,26.9276,2.4675,0.1087,29.5038
526,Falcon1024,pequeño,23.0529,2.4982,0.1094,25.6605
527,Falcon1024,pequeño,21.7145,2.4659,0.1084,24.2888
528,Falcon1024,pequeño,36.0886,2.5198,0.1115,38.7199
529,Falcon1024,pequeño,26.6453,2.4891,0.1084,29.2428
530,Falcon1024,pequeño,24.0738,2.4739,0.1081,26.6558
531,Falcon1024,pequeño,24.2538,2.5396,0.1083,26.9017
532,Falcon1024,pequeño,57.5857,2.4831,0.1090,60.1778
533,Falcon1024,pequeño,23.1687,2.5771,0.1090,25.8548
534,Falcon1024,pequeño,26.0318,2.5266,0.1105,28.6689
535,Falcon1024,pequeño,44.2600,2.4809,0.1156,46.8565
536,Falcon1024,pequeño,26.4605,2.4523,0.1111,29.0239
537,Falcon1024,pequeño,33.4276,2.3953,0.1100,35.9329
538,Falcon1024,pequeño,26.1954,2.5122,0.1180,28.8256
539,Falcon1024,pequeño,30.1769,2.4398,0.1101,32.7268
540,Falcon1024,pequeño,24.2660,2.4770,0.1092,26.8522
541,Falcon1024,pequeño,27.6904,2.4904,0.1178,30.2986
542,Falcon1024,pequeño,36.5552,2.4368,0.1144,39.1064
543,Falcon1024,pequeño,25.3415,2.5046,0.1096,27.9557
544,Falcon1024,pequeño,43.1374,2.4374,0.1092,45.6840
545,Falcon1024,pequeño,22.3845,2.4596,0.1152,24.9593
546,Falcon1024,pequeño,28.2452,2.4694,0.1083,30.8229
547,Falcon1024,pequeño,33.9330,2.4692,0.1778,36.5800
548,Falcon1024,pequeño,78.6205,2.4441,0.1126,81.1772
549,Falcon1024,pequeño,32.5392,2.4880,0.1080,35.1352
550,Falcon1024,pequeño,45.8597,2.6158,0.1073,48.5828
551,Falcon1024,pequeño,27.0133,2.5265,0.1086,29.6484
552,Falcon1024,pequeño,21.7728,2.4471,0.1071,24.3270
553,Falcon1024,pequeño,29.0926,2.3831,0.1085,31.5842
554,Falcon1024,pequeño,25.1221,2.4805,0.1163,27.7189
555,Falcon1024,pequeño,23.1525,2.4921,0.1079,25.7525
556,Falcon1024,pequeño,34.4387,2.4635,0.1089,37.0111
557,Falcon1024,pequeño,40.1609,2.4886,0.1095,42.7590
558,Falcon1024,pequeño,21.8141,2.4698,0.1068,24.3907
559,Falcon1024,pequeño,28.8085,2.4889,0.1077,31.4051
560,Falcon1024,pequeño,49.8635,2.4785,0.1154,52.4574
561,Falcon1024,pequeño,22.7894,2.5044,0.1097,25.4035
562,Falcon1024,pequeño,26.4213,2.4725,0.1097,29.0035
563,Falcon1024,pequeño,42.7406,2.5362,0.1148,45.3916
564,Falcon1024,pequeño,24.0459,2.4732,0.1117,26.6308
565,Falcon1024,pequeño,28.9319,2.5338,0.1081,31.5738
566,Falcon1024,pequeño,49.4410,2.5631,0.1083,52.1124
567,Falcon1024,pequeño,37.8004,2.4718,0.1127,40.3849
568,Falcon1024,pequeño,25.0925,2.4589,0.1094,27.6608
569,Falcon1024,pequeño,21.7718,2.5227,0.1158,24.4103
570,Falcon1024,pequeño,23.2209,2.3921,0.1094,25.7224
571,Falcon1024,pequeño,21.9179,2.4911,0.1081,24.5171
572,Falcon1024,pequeño,31.3086,2.4392,0.1088,33.8566
573,Falcon1024,pequeño,34.4278,2.4912,0.1099,37.0289
574,Falcon1024,pequeño,22.2203,2.4165,0.1138,24.7506
575,Falcon1024,pequeño,36.7483,2.4670,0.1501,39.3654
576,Falcon1024,pequeño,30.2431,2.4856,0.1091,32.8378
577,Falcon1024,pequeño,24.5493,2.4726,0.1092,27.1311
578,Falcon1024,pequeño,23.7863,2.4546,0.1161,26.3570
579,Falcon1024,pequeño,21.7675,2.4636,0.1113,24.3424
580,Falcon1024,pequeño,42.7422,2.5429,0.1095,45.3946
581,Falcon1024,pequeño,22.9799,2.4841,0.1093,25.5733
582,Falcon1024,pequeño,27.4839,2.4638,0.1117,30.0594
583,Falcon1024,pequeño,21.7541,2.4142,0.1087,24.2770
584,Falcon1024,pequeño,21.8166,2.7193,0.1095,24.6454
585,Falcon1024,pequeño,22.2600,2.4883,0.1090,24.8573
586,Falcon1024,pequeño,59.7000,2.5003,0.1122,62.3125
587,Falcon1024,pequeño,52.2708,2.4704,0.1077,54.8489
588,Falcon1024,pequeño,26.1312,2.5544,0.1103,28.7959
589,Falcon1024,pequeño,24.2379,2.5043,0.1121,26.8543
590,Falcon1024,pequeño,47.3815,2.3983,0.1093,49.8891
591,Falcon1024,pequeño,22.1514,2.4753,0.1085,24.7352
592,Falcon1024,pequeño,32.0930,2.5089,0.1156,34.7175
593,Falcon1024,pequeño,22.7562,2.4677,0.1088,25.3327
594,Falcon1024,pequeño,27.3010,2.4001,0.1087,29.8098
595,Falcon1024,pequeño,22.2054,2.5230,0.1095,24.8379
596,Falcon1024,pequeño,24.3637,2.4740,0.1100,26.9477
597,Falcon1024,pequeño,24.7184,2.4384,0.1093,27.2661
598,Falcon1024,pequeño,21.6914,2.4829,0.1092,24.2835
599,Falcon1024,pequeño,22.8839,2.4835,0.1081,25.4755
600,Falcon1024,pequeño,25.9738,2.4883,0.1071,28.5692
601,Falcon1024,pequeño,25.8196,2.8291,0.1139,28.7626
602,Falcon1024,pequeño,25.8471,2.8360,0.1109,28.7940
603,Falcon1024,pequeño,22.8910,2.5699,0.1085,25.5694
604,Falcon1024,pequeño,26.9141,2.8460,0.1104,29.8705
605,Falcon1024,pequeño,37.2360,2.5793,0.1099,39.9252
606,Falcon1024,pequeño,25.1516,2.4743,0.1093,27.7352
607,Falcon1024,pequeño,24.9964,2.4532,0.1086,27.5582
608,Falcon1024,pequeño,26.7247,2.4592,0.1089,29.2928
609,Falcon1024,pequeño,34.0646,2.4722,0.1077,36.6445
610,Falcon1024,pequeño,23.5335,2.4687,0.1090,26.1112
611,Falcon1024,pequeño,27.9404,2.5341,0.1096,30.5841
612,Falcon1024,pequeño,27.7974,2.4795,0.1065,30.3834
613,Falcon1024,pequeño,48.0795,2.5112,0.1085,50.6992
614,Falcon1024,pequeño,29.5632,2.5078,0.1100,32.1810
615,Falcon1024,pequeño,24.8854,2.4837,0.1100,27.4791
616,Falcon1024,pequeño,26.5154,2.5023,0.1083,29.1260
617,Falcon1024,pequeño,37.4337,2.4638,0.1094,40.0069
618,Falcon1024,pequeño,36.6722,2.4933,0.1094,39.2749
619,Falcon1024,pequeño,24.1985,2.3694,0.1095,26.6774
620,Falcon1024,pequeño,36.2264,2.4809,0.1091,38.8164
621,Falcon1024,pequeño,32.7179,2.4960,0.1136,35.3275
622,Falcon1024,pequeño,24.3558,2.4274,0.1088,26.8920
623,Falcon1024,pequeño,25.6119,2.4963,0.1081,28.2163
624,Falcon1024,pequeño,22.5181,2.4088,0.1095,25.0364
625,Falcon1024,pequeño,36.0903,2.4227,0.1099,38.6229
626,Falcon1024,pequeño,29.1175,2.5205,0.1075,31.7455
627,Falcon1024,pequeño,44.3030,2.4516,0.1090,46.8636
628,Falcon1024,pequeño,39.6166,2.4667,0.1082,42.1915
629,Falcon1024,pequeño,43.6713,2.4898,0.1076,46.2687
630,Falcon1024,pequeño,39.2710,2.5182,0.1152,41.9044
631,Falcon1024,pequeño,29.9845,2.4840,0.1091,32.5776
632,Falcon1024,pequeño,33.9667,2.4795,0.1082,36.5544
633,Falcon1024,pequeño,33.3686,2.5275,0.1085,36.0046
634,Falcon1024,pequeño,30.6498,2.5124,0.1133,33.2755
635,Falcon1024,pequeño,41.9958,2.4490,0.1089,44.5537
636,Falcon1024,pequeño,22.1219,2.5130,0.1157,24.7506
637,Falcon1024,pequeño,24.4292,2.5393,0.1087,27.0772
638,Falcon1024,pequeño,25.1955,2.4601,0.1158,27.7714
639,Falcon1024,pequeño,27.2989,2.4364,0.1095,29.8448
640,Falcon1024,pequeño,39.6508,2.5017,0.1091,42.2616
641,Falcon1024,pequeño,36.3484,2.4878,0.1087,38.9449
642,Falcon1024,pequeño,31.1341,2.5256,0.1139,33.7736
643,Falcon1024,pequeño,23.1527,2.4981,0.1075,25.7583
644,Falcon1024,pequeño,38.4232,2.4723,0.1092,41.0047
645,Falcon1024,pequeño,22.2997,2.4369,0.1099,24.8465
646,Falcon1024,pequeño,27.6261,2.4549,0.1075,30.1885
647,Falcon1024,pequeño,37.3468,2.7181,0.1106,40.1755
648,Falcon1024,pequeño,26.6943,2.5156,0.1100,29.3199
649,Falcon1024,pequeño,23.2158,2.3997,0.1093,25.7248
650,Falcon1024,pequeño,35.4084,2.4446,0.1088,37.9618
651,Falcon1024,pequeño,27.4831,2.4393,0.1088,30.0312
652,Falcon1024,pequeño,45.4349,2.4492,0.1869,48.0710
653,Falcon1024,pequeño,21.7646,2.4088,0.1146,24.2880
654,Falcon1024,pequeño,32.7709,2.4553,0.1079,35.3341
655,Falcon1024,pequeño,25.9045,2.3966,0.1132,28.4143
656,Falcon1024,pequeño,25.1963,2.6137,0.1095,27.9195
657,Falcon1024,pequeño,41.3379,2.4461,0.1102,43.8942
658,Falcon1024,pequeño,25.3523,2.4724,0.1090,27.9337
659,Falcon1024,pequeño,23.3655,2.6317,0.1077,26.1049
660,Falcon1024,pequeño,21.7428,2.4817,0.1077,24.3322
661,Falcon1024,pequeño,22.3563,2.4133,0.1130,24.8826
662,Falcon1024,pequeño,36.1910,2.5234,0.1079,38.8223
663,Falcon1024,pequeño,21.8653,2.4631,0.1091,24.4375
664,Falcon1024,pequeño,30.5456,2.4756,0.1091,33.1303
665,Falcon1024,pequeño,26.4524,2.5342,0.1076,29.0942
666,Falcon1024,pequeño,35.9883,2.4978,0.1099,38.5960
667,Falcon1024,pequeño,21.7210,2.4682,0.1081,24.2973
668,Falcon1024,pequeño,31.5827,2.4586,0.1090,34.1503
669,Falcon1024,pequeño,31.5791,2.4999,0.1109,34.1899
670,Falcon1024,pequeño,30.6579,2.4606,0.1092,33.2277
671,Falcon1024,pequeño,59.3942,2.4884,0.1083,61.9909
672,Falcon1024,pequeño,25.3068,2.5550,0.1091,27.9709
673,Falcon1024,pequeño,26.7807,2.3947,0.1153,29.2907
674,Falcon1024,pequeño,24.0320,2.4482,0.1086,26.5888
675,Falcon1024,pequeño,22.0601,2.5647,0.1106,24.7354
676,Falcon1024,pequeño,23.8500,2.4995,0.1104,26.4599
677,Falcon1024,pequeño,46.6538,2.4330,0.1080,49.1948
678,Falcon1024,pequeño,23.4263,2.4613,0.1089,25.9965
679,Falcon1024,pequeño,30.0872,2.4479,0.1193,32.6544
680,Falcon1024,pequeño,36.1274,2.5584,0.1083,38.7941
681,Falcon1024,pequeño,21.6997,2.4452,0.1093,24.2542
682,Falcon1024,pequeño,22.9447,2.5016,0.1085,25.5548
683,Falcon1024,pequeño,41.3432,2.4825,0.1079,43.9336
684,Falcon1024,pequeño,55.0134,2.5126,0.1091,57.6351
685,Falcon1024,pequeño,23.5247,2.5020,0.1110,26.1377
686,Falcon1024,pequeño,21.7667,2.6093,0.1088,24.4848
687,Falcon1024,pequeño,22.1768,2.4611,0.1082,24.7461
688,Falcon1024,pequeño,34.8555,2.4078,0.1099,37.3732
689,Falcon1024,pequeño,22.2008,2.5497,0.1074,24.8579
690,Falcon1024,pequeño,24.8132,2.5095,0.1087,27.4314
691,Falcon1024,pequeño,39.8934,2.4639,0.1087,42.4660
692,Falcon1024,pequeño,37.0925,2.6960,0.1091,39.8976
693,Falcon1024,pequeño,28.9969,3.4441,0.1106,32.5516
694,Falcon1024,pequeño,42.0403,2.4132,0.1103,44.5638
695,Falcon1024,pequeño,24.8668,2.5084,0.1186,27.4938
696,Falcon1024,pequeño,28.1597,2.5113,0.1094,30.7804
697,Falcon1024,pequeño,26.4580,2.4972,0.1133,29.0685
698,Falcon1024,pequeño,21.6825,2.4685,0.1078,24.2588
699,Falcon1024,pequeño,50.0742,2.5094,0.1154,52.6990
700,Falcon1024,pequeño,75.4521,2.4905,0.1097,78.0523
701,Falcon1024,pequeño,45.1839,2.4606,0.1094,47.7539
702,Falcon1024,pequeño,66.3031,2.3737,0.1092,68.7860
703,Falcon1024,pequeño,39.0849,2.4979,0.1080,41.6908
704,Falcon1024,pequeño,37.0487,2.4958,0.1101,39.6546
705,Falcon1024,pequeño,43.1467,2.4566,0.1172,45.7205
706,Falcon1024,pequeño,32.4114,2.3887,0.1082,34.9083
707,Falcon1024,pequeño,21.7058,2.4762,0.1091,24.2911
708,Falcon1024,pequeño,48.1686,2.4373,0.1149,50.7208
709,Falcon1024,pequeño,24.0630,2.4918,0.1086,26.6634
710,Falcon1024,pequeño,34.0623,2.5952,0.1114,36.7689
711,Falcon1024,pequeño,23.3362,2.4719,0.1084,25.9165
712,Falcon1024,pequeño,22.7893,2.4777,0.1150,25.3820
713,Falcon1024,pequeño,22.7295,2.4327,0.1097,25.2719
714,Falcon1024,pequeño,21.7713,2.5287,0.1099,24.4099
715,Falcon1024,pequeño,21.7820,2.4635,0.1085,24.3540
716,Falcon1024,pequeño,30.4319,2.5157,0.1091,33.0567
717,Falcon1024,pequeño,25.1458,2.8538,0.1088,28.1084
718,Falcon1024,pequeño,28.6508,2.5247,0.1109,31.2864
719,Falcon1024,pequeño,38.5549,2.4915,0.1145,41.1609
720,Falcon1024,pequeño,31.3164,2.4796,0.1119,33.9079
721,Falcon1024,pequeño,22.9016,2.4427,0.1102,25.4545
722,Falcon1024,pequeño,24.3695,2.5303,0.1095,27.0093
723,Falcon1024,pequeño,22.0839,2.4476,0.1087,24.6402
724,Falcon1024,pequeño,44.2191,2.5670,0.1087,46.8948
725,Falcon1024,pequeño,35.3449,2.5166,0.1079,37.9694
726,Falcon1024,pequeño,21.7120,2.4131,0.1088,24.2339
727,Falcon1024,pequeño,27.1069,2.4729,0.1073,29.6871
728,Falcon1024,pequeño,22.5137,2.4888,0.1091,25.1116
729,Falcon1024,pequeño,44.1425,2.4269,0.1156,46.6850
730,Falcon1024,pequeño,28.9609,2.5188,0.1103,31.5900
731,Falcon1024,pequeño,31.3322,2.5035,0.1085,33.9442
732,Falcon1024,pequeño,24.4327,2.4705,0.1085,27.0117
733,Falcon1024,pequeño,27.4860,2.4757,0.1105,30.0722
734,Falcon1024,pequeño,39.9230,2.4362,0.1100,42.4692
735,Falcon1024,pequeño,22.5805,2.5557,0.1095,25.2457
736,Falcon1024,pequeño,23.2159,2.4210,0.1096,25.7465
737,Falcon1024,pequeño,22.2005,2.4971,0.1095,24.8071
738,Falcon1024,pequeño,28.5974,2.4714,0.1091,31.1779
739,Falcon1024,pequeño,27.4902,2.4955,0.1098,30.0955
740,Falcon1024,pequeño,26.6691,2.4982,0.1196,29.2869
741,Falcon1024,pequeño,26.6082,2.4804,0.1064,29.1950
742,Falcon1024,pequeño,33.1426,2.4847,0.1186,35.7459
743,Falcon1024,pequeño,32.4243,2.4616,0.1097,34.9956
744,Falcon1024,pequeño,23.8991,2.4562,0.1086,26.4639
745,Falcon1024,pequeño,48.2733,2.4805,0.1097,50.8635
746,Falcon1024,pequeño,49.2680,2.5094,0.1091,51.8865
747,Falcon1024,pequeño,24.5433,2.4833,0.1083,27.1349
748,Falcon1024,pequeño,34.8852,2.4819,0.1094,37.4765
749,Falcon1024,pequeño,25.1752,2.5517,0.1154,27.8423
750,Falcon1024,pequeño,45.7085,2.6280,0.1107,48.4472
751,Falcon1024,pequeño,22.3351,2.4737,0.1085,24.9173
752,Falcon1024,pequeño,30.3619,2.5341,0.1083,33.0043
753,Falcon1024,pequeño,28.2474,2.4803,0.1078,30.8355
754,Falcon1024,pequeño,30.2650,2.4558,0.1081,32.8289
755,Falcon1024,pequeño,30.7499,2.4601,0.1088,33.3188
756,Falcon1024,pequeño,31.4490,2.4223,0.1108,33.9821
757,Falcon1024,pequeño,23.5742,2.4050,0.1089,26.0881
758,Falcon1024,pequeño,68.8629,2.4333,0.1096,71.4058
759,Falcon1024,pequeño,60.2898,2.4846,0.1086,62.8830
760,Falcon1024,pequeño,24.7120,2.4054,0.1104,27.2278
761,Falcon1024,pequeño,22.8237,2.5094,0.1166,25.4497
762,Falcon1024,pequeño,48.8210,2.4743,0.1092,51.4045
763,Falcon1024,pequeño,22.9495,2.4663,0.1081,25.5239
764,Falcon1024,pequeño,28.8970,2.6404,0.1096,31.6470
765,Falcon1024,pequeño,23.2907,2.4280,0.1729,25.8916
766,Falcon1024,pequeño,22.1239,2.4117,0.1090,24.6446
767,Falcon1024,pequeño,72.8938,2.5326,0.1176,75.5440
768,Falcon1024,pequeño,43.0900,2.4140,0.1088,45.6128
769,Falcon1024,pequeño,32.6137,2.4141,0.1094,35.1372
770,Falcon1024,pequeño,34.4262,2.4151,0.1111,36.9524
771,Falcon1024,pequeño,22.4616,2.4779,0.1080,25.0475
772,Falcon1024,pequeño,23.8011,2.4560,0.1102,26.3673
773,Falcon1024,pequeño,25.2514,2.5154,0.1102,27.8770
774,Falcon1024,pequeño,31.9856,2.4365,0.1087,34.5308
775,Falcon1024,pequeño,42.4091,2.5255,0.1155,45.0501
776,Falcon1024,pequeño,22.2809,2.5728,0.1153,24.9690
777,Falcon1024,pequeño,32.0154,2.4827,0.1098,34.6079
778,Falcon1024,pequeño,39.8467,2.4330,0.1077,42.3874
779,Falcon1024,pequeño,25.1728,2.5252,0.1199,27.8179
780,Falcon1024,pequeño,40.1327,2.4920,0.1090,42.7337
781,Falcon1024,pequeño,35.7524,2.4676,0.1098,38.3298
782,Falcon1024,pequeño,119.2982,2.4981,0.1098,121.9061
783,Falcon1024,pequeño,27.9075,2.4634,0.1080,30.4789
784,Falcon1024,pequeño,45.7018,2.4512,0.1182,48.2712
785,Falcon1024,pequeño,26.7582,2.5018,0.1098,29.3698
786,Falcon1024,pequeño,24.9986,2.5303,0.1118,27.6407
787,Falcon1024,pequeño,22.9868,2.4815,0.1094,25.5777
788,Falcon1024,pequeño,39.0226,2.4159,0.1098,41.5483
789,Falcon1024,pequeño,26.0228,2.4288,0.1086,28.5602
790,Falcon1024,pequeño,26.6521,2.3942,0.1102,29.1565
791,Falcon1024,pequeño,21.7088,2.4731,0.1084,24.2903
792,Falcon1024,pequeño,25.9313,2.4961,0.1232,28.5506
793,Falcon1024,pequeño,34.9536,2.4833,0.1085,37.5454
794,Falcon1024,pequeño,28.2896,2.4735,0.1072,30.8703
795,Falcon1024,pequeño,35.1909,2.5137,0.1086,37.8132
796,Falcon1024,pequeño,24.0563,2.4234,0.1159,26.5956
797,Falcon1024,pequeño,51.3434,2.5411,0.1080,53.9925
798,Falcon1024,pequeño,35.2760,2.4439,0.1811,37.9010
799,Falcon1024,pequeño,29.4087,2.5007,0.1086,32.0180
800,Falcon1024,pequeño,26.2589,2.4661,0.1176,28.8426
801,Falcon1024,pequeño,31.5798,2.5063,0.1097,34.1958
802,Falcon1024,pequeño,32.8745,2.4839,0.1089,35.4673
803,Falcon1024,pequeño,40.7251,2.4676,0.1084,43.3011
804,Falcon1024,pequeño,22.8705,2.4765,0.1102,25.4572
805,Falcon1024,pequeño,26.4956,2.4973,0.1078,29.1007
806,Falcon1024,pequeño,22.7998,2.5056,0.1119,25.4173
807,Falcon1024,pequeño,22.1081,2.4568,0.1168,24.6817
808,Falcon1024,pequeño,30.7400,2.4676,0.1087,33.3163
809,Falcon1024,pequeño,28.9234,2.4780,0.1099,31.5113
810,Falcon1024,pequeño,25.1250,2.4942,0.1079,27.7271
811,Falcon1024,pequeño,29.7163,2.4258,0.1197,32.2618
812,Falcon1024,pequeño,23.0536,2.4114,0.1101,25.5751
813,Falcon1024,pequeño,60.9044,2.5175,0.1077,63.5296
814,Falcon1024,pequeño,21.7034,2.4749,0.1085,24.2868
815,Falcon1024,pequeño,28.8355,2.4586,0.1087,31.4028
816,Falcon1024,pequeño,43.4529,2.5319,0.1091,46.0939
817,Falcon1024,pequeño,35.6497,2.4774,0.1092,38.2363
818,Falcon1024,pequeño,39.1232,2.4687,0.1089,41.7008
819,Falcon1024,pequeño,23.2965,2.4570,0.1180,25.8715
820,Falcon1024,pequeño,26.9168,2.6447,0.1128,29.6743
821,Falcon1024,pequeño,51.0577,2.4982,0.1089,53.6648
822,Falcon1024,pequeño,30.4922,2.4205,0.1103,33.0230
823,Falcon1024,pequeño,33.6756,2.5075,0.1081,36.2912
824,Falcon1024,pequeño,70.2687,2.4788,0.1095,72.8570
825,Falcon1024,pequeño,29.8751,2.4770,0.1097,32.4618
826,Falcon1024,pequeño,32.6576,2.5114,0.1112,35.2802
827,Falcon1024,pequeño,26.0639,2.4522,0.1083,28.6244
828,Falcon1024,pequeño,27.4655,2.5200,0.1093,30.0948
829,Falcon1024,pequeño,26.0090,2.4328,0.1161,28.5579
830,Falcon1024,pequeño,39.0134,2.4410,0.1084,41.5628
831,Falcon1024,pequeño,25.1407,2.4891,0.1094,27.7392
832,Falcon1024,pequeño,45.4091,2.4660,0.1089,47.9840
833,Falcon1024,pequeño,28.1610,2.4578,0.1089,30.7277
834,Falcon1024,pequeño,54.0911,2.4389,0.1093,56.6393
835,Falcon1024,pequeño,36.4771,2.4716,0.1129,39.0616
836,Falcon1024,pequeño,31.8327,2.4727,0.1081,34.4135
837,Falcon1024,pequeño,21.7153,2.3906,0.1099,24.2158
838,Falcon1024,pequeño,31.4716,2.5321,0.1069,34.1106
839,Falcon1024,pequeño,29.7221,2.4265,0.1098,32.2584
840,Falcon1024,pequeño,33.9507,2.4643,0.1081,36.5231
841,Falcon1024,pequeño,44.6204,2.5302,0.1093,47.2599
842,Falcon1024,pequeño,40.4447,2.5027,0.1085,43.0559
843,Falcon1024,pequeño,35.9176,2.4361,0.1100,38.4637
844,Falcon1024,pequeño,28.8856,2.5119,0.1092,31.5067
845,Falcon1024,pequeño,22.4064,2.4897,0.1086,25.0047
846,Falcon1024,pequeño,33.5026,2.4283,0.1097,36.0406
847,Falcon1024,pequeño,24.1523,2.4897,0.1078,26.7498
848,Falcon1024,pequeño,27.2071,2.4785,0.1100,29.7956
849,Falcon1024,pequeño,28.9005,2.4536,0.1091,31.4632
850,Falcon1024,pequeño,33.7761,2.5075,0.1170,36.4006
851,Falcon1024,pequeño,24.9235,2.3945,0.1093,27.4273
852,Falcon1024,pequeño,26.6101,2.4634,0.1108,29.1843
853,Falcon1024,pequeño,25.4715,2.5113,0.1091,28.0919
854,Falcon1024,pequeño,26.0774,2.4827,0.1100,28.6701
855,Falcon1024,pequeño,29.1945,2.4246,0.1094,31.7285
856,Falcon1024,pequeño,25.6645,2.5237,0.1099,28.2981
857,Falcon1024,pequeño,23.3724,2.5055,0.1096,25.9875
858,Falcon1024,pequeño,23.3841,2.4630,0.1080,25.9551
859,Falcon1024,pequeño,35.3358,2.4753,0.1090,37.9201
860,Falcon1024,pequeño,30.9242,2.4663,0.1097,33.5002
861,Falcon1024,pequeño,24.3375,2.5279,0.1116,26.9770
862,Falcon1024,pequeño,27.4464,2.4511,0.1105,30.0080
863,Falcon1024,pequeño,35.2291,2.5037,0.1091,37.8419
864,Falcon1024,pequeño,42.3953,2.4992,0.1072,45.0017
865,Falcon1024,pequeño,48.9794,2.4580,0.1199,51.5573
866,Falcon1024,pequeño,22.7683,2.4302,0.1092,25.3077
867,Falcon1024,pequeño,25.8367,2.4536,0.1088,28.3991
868,Falcon1024,pequeño,21.7236,2.4620,0.1092,24.2948
869,Falcon1024,pequeño,27.9385,2.4388,0.1800,30.5573
870,Falcon1024,pequeño,24.8381,2.4777,0.1112,27.4270
871,Falcon1024,pequeño,26.1728,2.4681,0.1143,28.7552
872,Falcon1024,pequeño,30.4682,2.4589,0.1089,33.0360
873,Falcon1024,pequeño,29.6205,2.5015,0.1072,32.2292
874,Falcon1024,pequeño,24.9619,2.4586,0.1186,27.5391
875,Falcon1024,pequeño,22.4023,2.3893,0.1101,24.9017
876,Falcon1024,pequeño,22.9100,2.5510,0.1090,25.5700
877,Falcon1024,pequeño,21.6754,2.4573,0.1083,24.2410
878,Falcon1024,pequeño,30.2896,2.3653,0.1092,32.7641
879,Falcon1024,pequeño,44.0357,2.4392,0.1096,46.5845
880,Falcon1024,pequeño,22.7841,2.4806,0.1118,25.3765
881,Falcon1024,pequeño,26.2425,2.4618,0.1074,28.8117
882,Falcon1024,pequeño,24.6599,2.4402,0.1078,27.2079
883,Falcon1024,pequeño,22.8568,2.4271,0.1080,25.3919
884,Falcon1024,pequeño,28.9242,2.3736,0.1129,31.4107
885,Falcon1024,pequeño,53.1057,2.4870,0.1098,55.7025
886,Falcon1024,pequeño,50.9549,2.4732,0.1083,53.5364
887,Falcon1024,pequeño,21.6804,2.4705,0.1094,24.2603
888,Falcon1024,pequeño,23.6774,2.4631,0.1093,26.2498
889,Falcon1024,pequeño,24.4441,2.4578,0.1072,27.0091
890,Falcon1024,pequeño,29.0878,2.5153,0.1087,31.7118
891,Falcon1024,pequeño,23.8939,2.7101,0.1129,26.7169
892,Falcon1024,pequeño,39.8985,2.4744,0.1071,42.4800
893,Falcon1024,pequeño,45.9632,2.5223,0.1093,48.5948
894,Falcon1024,pequeño,26.9533,2.5256,0.1099,29.5888
895,Falcon1024,pequeño,25.7004,2.4708,0.1084,28.2796
896,Falcon1024,pequeño,23.3569,2.5208,0.1112,25.9889
897,Falcon1024,pequeño,25.3977,2.4680,0.1085,27.9742
898,Falcon1024,pequeño,27.8806,2.4971,0.1093,30.4870
899,Falcon1024,pequeño,29.9321,2.4911,0.1083,32.5315
900,Falcon1024,pequeño,35.0875,2.4578,0.1092,37.6545
901,Falcon1024,pequeño,22.7379,2.5010,0.1082,25.3471
902,Falcon1024,pequeño,57.4490,2.5114,0.1089,60.0693
903,Falcon1024,pequeño,49.5342,2.5111,0.1115,52.1568
904,Falcon1024,pequeño,46.4165,2.5123,0.1117,49.0405
905,Falcon1024,pequeño,22.4025,2.4818,0.1085,24.9928
906,Falcon1024,pequeño,50.5778,2.5174,0.1101,53.2053
907,Falcon1024,pequeño,42.7706,2.4286,0.1073,45.3065
908,Falcon1024,pequeño,21.7358,2.4112,0.1101,24.2571
909,Falcon1024,pequeño,22.8122,2.5109,0.1086,25.4317
910,Falcon1024,pequeño,27.4161,2.4808,0.1093,30.0062
911,Falcon1024,pequeño,25.5016,2.4857,0.1067,28.0940
912,Falcon1024,pequeño,60.2599,2.5271,0.1084,62.8954
913,Falcon1024,pequeño,21.9804,2.8775,0.1090,24.9669
914,Falcon1024,pequeño,38.0577,2.4875,0.1077,40.6529
915,Falcon1024,pequeño,24.9799,2.5383,0.1088,27.6270
916,Falcon1024,pequeño,60.6026,2.5273,0.1105,63.2404
917,Falcon1024,pequeño,37.8382,2.4920,0.1163,40.4465
918,Falcon1024,pequeño,44.2451,2.4610,0.1090,46.8151
919,Falcon1024,pequeño,22.8886,2.5369,0.1082,25.5337
920,Falcon1024,pequeño,55.7675,2.4982,0.1105,58.3762
921,Falcon1024,pequeño,36.0727,2.3868,0.1077,38.5672
922,Falcon1024,pequeño,23.4442,2.3976,0.1086,25.9504
923,Falcon1024,pequeño,39.2157,2.4714,0.1086,41.7957
924,Falcon1024,pequeño,34.5012,2.4875,0.1092,37.0979
925,Falcon1024,pequeño,63.6604,2.5135,0.1100,66.2839
926,Falcon1024,pequeño,31.9054,2.4776,0.1081,34.4911
927,Falcon1024,pequeño,32.7712,2.4692,0.1078,35.3482
928,Falcon1024,pequeño,22.4452,2.4255,0.1125,24.9832
929,Falcon1024,pequeño,25.2959,2.4881,0.1090,27.8930
930,Falcon1024,pequeño,29.7942,2.4911,0.1088,32.3941
931,Falcon1024,pequeño,24.2426,2.5174,0.1090,26.8690
932,Falcon1024,pequeño,55.0885,2.4506,0.1073,57.6464
933,Falcon1024,pequeño,55.2996,2.4740,0.1092,57.8828
934,Falcon1024,pequeño,31.4407,2.5089,0.1083,34.0579
935,Falcon1024,pequeño,41.4900,2.4895,0.1154,44.0949
936,Falcon1024,pequeño,64.5528,2.4639,0.1094,67.1261
937,Falcon1024,pequeño,21.7535,2.4775,0.1070,24.3380
938,Falcon1024,pequeño,24.5002,2.4310,0.1816,27.1128
939,Falcon1024,pequeño,22.1708,2.3811,0.1078,24.6597
940,Falcon1024,pequeño,22.6252,2.4251,0.1091,25.1594
941,Falcon1024,pequeño,28.5929,2.4958,0.1111,31.1998
942,Falcon1024,pequeño,28.5860,2.4780,0.1095,31.1735
943,Falcon1024,pequeño,27.5639,2.4986,0.1097,30.1722
944,Falcon1024,pequeño,26.2041,2.5811,0.1091,28.8943
945,Falcon1024,pequeño,24.7373,2.3923,0.1106,27.2402
946,Falcon1024,pequeño,22.5732,2.4823,0.1094,25.1649
947,Falcon1024,pequeño,34.0161,2.4170,0.1710,36.6041
948,Falcon1024,pequeño,40.4840,2.4446,0.1102,43.0388
949,Falcon1024,pequeño,31.7395,2.4997,0.1201,34.3593
950,Falcon1024,pequeño,23.8906,2.4906,0.1066,26.4878
951,Falcon1024,pequeño,25.4549,2.4126,0.1099,27.9774
952,Falcon1024,pequeño,36.6272,2.4681,0.1076,39.2029
953,Falcon1024,pequeño,30.6254,2.4614,0.1134,33.2002
954,Falcon1024,pequeño,33.8806,2.4907,0.1087,36.4800
955,Falcon1024,pequeño,24.1577,2.4321,0.1078,26.6976
956,Falcon1024,pequeño,31.6986,2.3871,0.1092,34.1949
957,Falcon1024,pequeño,35.0817,2.5218,0.1068,37.7103
958,Falcon1024,pequeño,32.7085,2.4385,0.2018,35.3488
959,Falcon1024,pequeño,22.1696,2.3882,0.1106,24.6684
960,Falcon1024,pequeño,24.2847,2.4822,0.1084,26.8753
961,Falcon1024,pequeño,39.0626,2.4860,0.1156,41.6642
962,Falcon1024,pequeño,31.8049,2.4593,0.1099,34.3741
963,Falcon1024,pequeño,26.7604,2.4622,0.1094,29.3320
964,Falcon1024,pequeño,49.9666,2.5162,0.1087,52.5915
965,Falcon1024,pequeño,22.4372,2.3914,0.1093,24.9379
966,Falcon1024,pequeño,43.8680,2.5020,0.1168,46.4868
967,Falcon1024,pequeño,50.3188,2.4894,0.1176,52.9258
968,Falcon1024,pequeño,36.2989,2.4738,0.1087,38.8814
969,Falcon1024,pequeño,40.2559,2.4960,0.1091,42.8610
970,Falcon1024,pequeño,52.9087,2.5027,0.1087,55.5201
971,Falcon1024,pequeño,42.4032,2.5237,0.1092,45.0361
972,Falcon1024,pequeño,38.6856,2.4839,0.1095,41.2790
973,Falcon1024,pequeño,27.4432,2.4627,0.1088,30.0147
974,Falcon1024,pequeño,27.6040,2.5252,0.1085,30.2377
975,Falcon1024,pequeño,32.7922,2.4628,0.1078,35.3628
976,Falcon1024,pequeño,22.7651,2.4483,0.1095,25.3229
977,Falcon1024,pequeño,21.7719,2.5227,0.1090,24.4036
978,Falcon1024,pequeño,23.2457,2.4080,0.1760,25.8297
979,Falcon1024,pequeño,23.8492,2.4426,0.1080,26.3998
980,Falcon1024,pequeño,43.2849,2.4322,0.1095,45.8266
981,Falcon1024,pequeño,24.6590,2.5265,0.1080,27.2935
982,Falcon1024,pequeño,24.9264,2.4045,0.1098,27.4407
983,Falcon1024,pequeño,35.3130,2.5169,0.1080,37.9379
984,Falcon1024,pequeño,47.4448,2.4781,0.1083,50.0312
985,Falcon1024,pequeño,49.1497,2.5313,0.1085,51.7895
986,Falcon1024,pequeño,26.5819,2.6112,0.1132,29.3063
987,Falcon1024,pequeño,23.4239,2.4867,0.1091,26.0197
988,Falcon1024,pequeño,52.6626,2.4737,0.1155,55.2518
989,Falcon1024,pequeño,27.2758,2.4001,0.1081,29.7840
990,Falcon1024,pequeño,23.3214,2.5049,0.1084,25.9347
991,Falcon1024,pequeño,101.6350,2.5301,0.1099,104.2750
992,Falcon1024,pequeño,29.7723,2.4752,0.1090,32.3565
993,Falcon1024,pequeño,35.9130,2.5128,0.1095,38.5353
994,Falcon1024,pequeño,47.0846,2.5078,0.1152,49.7076
995,Falcon1024,pequeño,22.4421,2.4479,0.1204,25.0104
996,Falcon1024,pequeño,72.9029,2.4779,0.1092,75.4900
997,Falcon1024,pequeño,24.1048,2.5405,0.1091,26.7544
998,Falcon1024,pequeño,24.8221,2.4917,0.1083,27.4221
999,Falcon1024,pequeño,22.4680,2.4014,0.1104,24.9798
1000,Falcon1024,pequeño,33.7228,2.5118,0.1101,36.3447
