Iteración,Tiempo Generación Claves (ms),Tiempo Firma (ms),Tiempo Verificación (ms),Tiempo Total (ms)
1,2.9370,68.3110,4.1230,75.3710
2,2.9070,68.2780,4.1130,75.2980
3,2.9090,68.0820,3.9250,74.9160
4,2.9090,68.0910,4.0650,75.0650
5,2.9090,68.0300,3.9590,74.8980
6,2.8980,68.0920,4.1220,75.1120
7,2.9110,68.0810,4.1960,75.1880
8,2.9010,68.0250,4.0660,74.9920
9,2.9140,67.9850,4.1300,75.0290
10,2.9100,68.0070,4.0810,74.9980
11,2.9020,68.0350,3.9750,74.9120
12,2.9050,67.9890,3.9120,74.8060
13,2.9070,67.9720,4.0970,74.9760
14,2.9110,68.0520,3.9890,74.9520
15,2.9400,68.0380,4.1120,75.0900
16,2.9340,67.9950,4.0250,74.9540
17,2.9740,68.0350,4.1810,75.1900
18,2.9120,67.9960,4.0240,74.9320
19,3.0550,67.9790,3.9730,75.0070
20,2.9640,67.9390,4.1430,75.0460
21,2.9300,67.9280,4.1190,74.9770
22,2.9310,67.9570,4.0080,74.8960
23,2.9460,67.9750,4.0220,74.9430
24,2.9240,67.9540,3.9850,74.8630
25,2.9070,67.9950,4.1950,75.0970
26,2.9250,68.0290,4.1950,75.1490
27,2.9270,68.0130,3.8630,74.8030
28,2.9110,67.9960,4.2050,75.1120
29,2.9360,68.0800,3.9420,74.9580
30,2.9190,68.0150,4.1030,75.0370
31,2.9190,68.0680,4.0640,75.0510
32,2.9370,68.0680,4.0600,75.0650
33,3.0090,68.0570,4.0990,75.1650
34,2.9890,67.9790,4.0140,74.9820
35,2.9340,67.9110,3.8640,74.7090
36,2.9070,67.8070,4.0000,74.7140
37,2.9340,67.7860,4.1720,74.8920
38,2.9330,67.8710,4.2720,75.0760
39,2.9300,68.0590,3.9980,74.9870
40,2.9410,68.0250,3.9530,74.9190
41,2.9600,68.0380,4.0790,75.0770
42,2.9730,68.0520,3.9700,74.9950
43,2.9380,68.0270,4.0010,74.9660
44,2.9150,68.0100,4.2000,75.1250
45,2.9310,68.0030,4.0190,74.9530
46,2.9270,67.9510,3.9290,74.8070
47,2.9150,67.9320,4.0530,74.9000
48,2.9080,67.9630,4.1280,74.9990
49,2.9110,68.0950,4.0300,75.0360
50,2.9200,68.2800,4.2280,75.4280
51,2.9090,68.1640,3.9160,74.9890
52,2.9180,68.5420,3.8440,75.3040
53,2.9150,67.9590,3.8570,74.7310
54,2.9190,67.9190,4.0610,74.8990
55,2.9190,67.9040,3.9910,74.8140
56,2.9170,67.9060,4.0520,74.8750
57,2.9440,67.9050,4.1620,75.0110
58,2.9250,67.9180,3.9040,74.7470
59,2.9020,67.9730,4.0470,74.9220
60,2.9150,67.9210,4.0000,74.8360
61,2.9110,67.9450,4.0250,74.8810
62,2.9090,67.9730,4.0330,74.9150
63,2.9290,67.9280,3.9960,74.8530
64,2.9390,67.8760,4.0640,74.8790
65,2.9330,67.9950,3.9840,74.9120
66,2.9110,67.9940,4.1140,75.0190
67,2.9330,68.0120,4.0550,75.0000
68,2.9220,68.1360,3.9950,75.0530
69,2.9310,68.0500,3.8700,74.8510
70,2.9250,68.0320,4.1350,75.0920
1,4.2900,110.1060,5.8700,120.2660
2,4.2530,109.9450,5.8900,120.0880
3,4.2630,110.0350,5.9160,120.2140
4,4.2560,110.0040,6.0600,120.3200
5,4.2620,109.9950,5.8760,120.1330
6,4.3120,109.9600,5.8860,120.1580
7,4.3380,109.9250,5.7790,120.0420
8,4.3420,109.9880,5.9420,120.2720
9,4.2630,109.9290,5.9200,120.1120
10,4.2480,109.9320,5.7740,119.9540
11,4.2720,109.9380,5.8690,120.0790
12,4.2840,109.9030,5.9280,120.1150
13,4.3300,109.9080,5.8420,120.0800
14,4.2980,109.9960,5.8760,120.1700
15,4.2800,109.9760,5.7450,120.0010
16,4.2650,109.9580,5.8520,120.0750
17,4.2640,109.9520,5.7400,119.9560
18,4.2560,109.9310,5.9290,120.1160
19,4.2780,109.9390,5.9430,120.1600
20,4.2610,110.0540,5.8660,120.1810
21,4.3340,110.2710,5.9070,120.5120
22,4.2820,109.9390,6.1640,120.3850
23,4.2980,109.9130,5.8370,120.0480
24,4.2860,109.8990,5.8450,120.0300
25,4.2820,109.9220,6.0600,120.2640
26,4.2920,109.8970,5.9080,120.0970
27,4.2860,109.8950,5.8850,120.0660
28,4.3140,110.7700,6.0290,121.1130
29,4.3210,110.8680,5.7520,120.9410
30,4.2640,109.9230,5.9350,120.1220
31,4.2500,109.9180,5.8290,119.9970
32,4.2530,109.8930,6.0250,120.1710
33,4.2460,109.8890,5.8610,119.9960
34,4.2510,109.9020,5.6880,119.8410
35,4.2570,109.9250,5.9120,120.0940
36,4.2550,109.8860,5.8430,119.9840
37,4.2500,109.8690,5.8010,119.9200
38,4.2550,109.8980,5.9430,120.0960
39,4.2610,109.9050,5.8130,119.9790
40,4.2550,109.9030,5.9250,120.0830
41,4.2550,109.8860,6.0310,120.1720
42,4.2590,109.8380,5.8500,119.9470
43,4.2680,109.8720,5.9020,120.0420
44,4.2840,109.8460,5.8590,119.9890
45,4.2840,109.9070,5.9360,120.1270
46,4.3020,109.8750,5.8900,120.0670
47,4.3500,109.8840,5.9320,120.1660
48,4.3090,109.8790,6.0420,120.2300
49,4.2700,109.8870,5.9000,120.0570
50,4.2570,110.0610,6.0560,120.3740
51,4.2740,109.9660,6.0390,120.2790
52,4.2680,109.9130,6.1320,120.3130
53,4.2720,109.8810,5.8750,120.0280
54,4.2610,109.9000,5.9270,120.0880
55,4.2520,109.8480,5.8400,119.9400
56,4.2580,109.8610,5.8730,119.9920
57,4.2530,109.8810,5.9240,120.0580
58,4.2550,109.9060,5.9730,120.1340
59,4.2630,109.9000,5.8940,120.0570
60,4.2700,109.8940,5.8640,120.0280
61,4.2550,109.8920,5.8740,120.0210
62,4.2550,109.8950,5.9260,120.0760
63,4.2610,109.8620,5.8090,119.9320
64,4.2600,109.8910,5.8810,120.0320
65,4.2700,109.8900,5.9520,120.1120
66,4.2560,109.8760,5.8740,120.0060
67,4.2490,109.8850,5.9430,120.0770
68,4.2510,109.9200,5.9080,120.0790
69,4.2520,109.8940,5.8610,120.0070
70,4.2570,109.8880,6.0130,120.1580
1,11.4230,226.0950,5.9810,243.4990
2,11.3070,225.6190,5.9740,242.9000
3,11.3670,225.5440,5.8180,242.7290
4,11.4940,225.6980,5.9730,243.1650
5,11.3640,225.8430,5.9900,243.1970
6,11.3860,225.6300,6.0560,243.0720
7,11.3880,225.3690,5.9200,242.6770
8,11.3300,225.6250,5.8830,242.8380
9,11.2920,225.9230,5.9890,243.2040
10,11.3200,225.4480,5.8850,242.6530
11,11.3190,225.4360,6.1400,242.8950
12,11.3140,225.5370,6.1060,242.9570
13,11.3450,225.5550,6.0850,242.9850
14,11.2620,225.5040,5.9390,242.7050
15,11.3270,225.4560,5.9780,242.7610
16,11.2570,225.4830,5.9620,242.7020
17,11.2440,225.4400,5.9770,242.6610
18,11.2390,225.3500,5.9610,242.5500
19,11.2070,225.4320,6.0470,242.6860
20,11.2650,225.4250,6.0100,242.7000
21,11.2650,225.5000,6.0230,242.7880
22,11.3250,225.6450,6.1760,243.1460
23,11.2990,225.5200,6.0880,242.9070
24,11.3400,225.4760,6.0350,242.8510
25,11.3500,225.3900,6.0520,242.7920
26,11.3040,225.5560,6.0640,242.9240
27,11.3740,225.4600,5.8290,242.6630
28,11.3190,225.5650,6.0690,242.9530
29,11.3240,225.4080,6.1800,242.9120
30,11.3080,225.5070,5.9970,242.8120
31,11.2940,225.4040,6.1220,242.8200
32,11.2760,225.4910,6.1210,242.8880
33,11.2930,225.5190,6.0530,242.8650
34,11.2250,225.6400,5.8650,242.7300
35,11.2590,225.4920,6.1650,242.9160
36,11.2850,225.4460,5.9140,242.6450
37,11.2800,225.3610,6.0990,242.7400
38,11.2710,225.3260,5.9800,242.5770
39,11.2710,225.3880,5.9320,242.5910
40,11.2730,225.5510,5.9330,242.7570
41,11.2690,225.3160,5.9060,242.4910
42,11.2450,225.3470,5.8670,242.4590
43,11.2050,225.3600,6.1010,242.6660
44,11.2030,225.4960,5.9050,242.6040
45,11.2040,225.3950,6.0370,242.6360
46,11.2010,225.5480,6.1720,242.9210
47,11.2160,225.5490,6.0690,242.8340
48,11.2170,225.4580,5.9280,242.6030
49,11.2150,225.4070,6.0350,242.6570
50,11.2370,225.5340,5.9110,242.6820
51,11.2090,225.5220,6.0900,242.8210
52,11.2120,225.4320,6.1610,242.8050
53,11.2400,225.4280,5.9960,242.6640
54,11.2270,225.4840,5.9570,242.6680
55,11.2360,225.4560,6.0530,242.7450
56,11.2310,225.4650,5.8560,242.5520
57,11.2430,225.3830,5.9050,242.5310
58,11.2230,225.4280,5.8960,242.5470
59,11.2380,225.6520,6.0690,242.9590
60,11.2370,225.4840,5.9330,242.6540
61,11.2230,225.5470,6.0470,242.8170
62,11.2280,225.4300,5.9440,242.6020
63,11.2430,225.5570,5.9200,242.7200
64,11.2160,225.4460,5.7380,242.4000
65,11.2420,225.4690,5.8270,242.5380
66,11.2570,225.4980,6.1670,242.9220
67,11.2740,225.4680,5.9910,242.7330
68,11.2600,225.3520,6.0750,242.6870
69,11.2190,225.4130,6.0820,242.7140
70,11.1810,225.5270,5.9140,242.6220
1,185.9810,1410.7760,1.4360,1598.1930
2,185.8160,1410.6030,1.3300,1597.7490
3,185.9310,1411.3950,1.5090,1598.8350
4,186.0530,1411.0190,1.4000,1598.4720
5,185.8220,1410.2660,1.4210,1597.5090
6,185.8470,1409.9180,1.4080,1597.1730
7,185.9760,1410.6960,1.4550,1598.1270
8,185.8970,1410.7740,1.3870,1598.0580
9,186.1070,1411.6630,1.4200,1599.1900
10,185.8340,1410.7210,1.4380,1597.9930
11,185.5380,1411.4310,1.3040,1598.2730
12,185.6110,1411.3640,1.4220,1598.3970
13,185.7460,1411.2020,1.2750,1598.2230
14,185.8340,1410.4110,1.3050,1597.5500
15,185.6230,1409.8300,1.3510,1596.8040
16,186.0630,1411.0560,1.2620,1598.3810
17,185.7310,1410.6520,1.4230,1597.8060
18,185.4790,1411.4210,1.3810,1598.2810
19,185.5770,1410.5630,1.3060,1597.4460
20,185.6060,1411.5350,1.4210,1598.5620
21,185.5090,1410.4330,1.4100,1597.3520
22,185.6700,1411.2290,1.4250,1598.3240
23,185.8770,1411.1920,1.3530,1598.4220
24,185.8150,1411.2150,1.3530,1598.3830
25,185.5030,1410.9080,1.3600,1597.7710
26,185.5270,1410.9440,1.4210,1597.8920
27,185.4930,1411.3780,1.5050,1598.3760
28,185.3780,1410.9550,1.4790,1597.8120
29,185.6830,1411.2250,1.2190,1598.1270
30,185.5680,1410.6470,1.4270,1597.6420
31,185.6150,1410.9880,1.3890,1597.9920
32,185.9680,1410.7340,1.3490,1598.0510
33,185.8800,1411.2950,1.3630,1598.5380
34,186.0710,1410.7560,1.3270,1598.1540
35,185.9750,1410.9490,1.3790,1598.3030
36,186.1870,1411.0980,1.5130,1598.7980
37,186.0650,1411.3860,1.3290,1598.7800
38,185.6340,1410.4400,1.3380,1597.4120
39,185.5250,1411.1640,1.3510,1598.0400
40,185.6350,1411.2190,1.4230,1598.2770
41,185.5600,1411.6360,1.3620,1598.5580
42,185.5470,1410.2470,1.4290,1597.2230
43,185.6180,1410.5250,1.4480,1597.5910
44,185.6040,1409.3960,1.3490,1596.3490
45,185.9570,1411.1550,1.3300,1598.4420
46,185.8660,1410.4980,1.4170,1597.7810
47,185.8290,1409.7550,1.3440,1596.9280
48,185.4830,1411.0710,1.3540,1597.9080
49,185.5010,1410.5080,1.4280,1597.4370
50,185.7460,1411.2590,1.4400,1598.4450
51,185.5360,1410.0690,1.3880,1596.9930
52,185.4840,1411.1750,1.3140,1597.9730
53,185.5460,1409.8520,1.3720,1596.7700
54,185.5790,1410.7860,1.5320,1597.8970
55,185.5160,1410.1470,1.4640,1597.1270
56,185.5180,1410.8460,1.2940,1597.6580
57,185.4450,1411.4070,1.3420,1598.1940
58,185.6120,1410.4210,1.4130,1597.4460
59,185.6800,1411.5590,1.3920,1598.6310
60,185.4600,1410.7950,1.3710,1597.6260
61,185.6170,1410.1470,1.4380,1597.2020
62,185.4060,1411.3590,1.4260,1598.1910
63,185.4880,1410.5680,1.2830,1597.3390
64,185.4930,1410.9490,1.3610,1597.8030
65,185.4310,1410.8180,1.4230,1597.6720
66,185.5170,1410.3160,1.3520,1597.1850
67,185.4750,1411.0500,1.2930,1597.8180
68,185.3220,1411.4120,1.4100,1598.1440
69,185.7240,1410.7340,1.3140,1597.7720
70,186.0670,1411.7350,1.3620,1599.1640
1,273.4930,2445.6250,2.0600,2721.1780
2,273.0040,2445.7130,2.0410,2720.7580
3,273.2150,2445.8810,2.0350,2721.1310
4,272.9070,2446.0330,2.0090,2720.9490
5,273.0010,2445.9880,2.0290,2721.0180
6,272.9960,2445.8940,2.1200,2721.0100
7,272.9710,2445.7430,2.0640,2720.7780
8,272.9230,2446.0400,2.0000,2720.9630
9,272.8470,2445.7470,1.9560,2720.5500
10,272.8580,2446.1250,2.0550,2721.0380
11,272.8520,2446.1290,1.9490,2720.9300
12,272.8390,2446.0530,2.0650,2720.9570
13,272.8980,2446.0930,2.0170,2721.0080
14,272.8260,2446.3190,1.9420,2721.0870
15,272.8400,2445.7630,2.1030,2720.7060
16,272.8430,2446.1040,1.9180,2720.8650
17,272.8480,2445.6350,2.0810,2720.5640
18,272.8330,2445.9260,2.0040,2720.7630
19,272.8230,2446.9350,2.0000,2721.7580
20,272.8580,2445.7230,2.0280,2720.6090
21,272.9450,2445.6220,2.0170,2720.5840
22,272.8300,2445.8390,2.0400,2720.7090
23,272.8400,2445.6310,2.0630,2720.5340
24,272.8220,2445.9040,2.0080,2720.7340
25,272.8410,2445.7970,2.0860,2720.7240
26,272.8630,2446.0770,2.0420,2720.9820
27,272.8370,2445.6730,2.0580,2720.5680
28,272.8690,2445.6290,1.9850,2720.4830
29,272.8450,2445.8990,2.0250,2720.7690
30,272.8250,2445.7940,1.9470,2720.5660
31,272.8260,2445.7000,2.0750,2720.6010
32,272.8300,2445.2680,2.0460,2720.1440
33,272.8400,2445.7030,2.0040,2720.5470
34,272.8260,2445.9210,2.0820,2720.8290
35,272.8660,2445.7380,2.0230,2720.6270
36,272.8420,2446.0440,1.9260,2720.8120
37,272.8250,2445.8130,1.9910,2720.6290
38,272.8280,2445.4890,2.0280,2720.3450
39,272.8260,2445.4850,2.0280,2720.3390
40,272.8320,2447.2520,2.0210,2722.1050
41,272.8200,2445.4940,1.9640,2720.2780
42,272.8460,2446.0960,1.9810,2720.9230
43,272.8280,2445.8800,1.9520,2720.6600
44,272.8500,2445.7660,2.0530,2720.6690
45,272.8510,2446.7240,1.9690,2721.5440
46,272.8410,2446.2390,2.0730,2721.1530
47,272.8210,2446.0520,2.0880,2720.9610
48,272.8510,2445.5350,1.9540,2720.3400
49,272.8520,2446.0020,2.0490,2720.9030
50,272.8760,2446.0850,2.1410,2721.1020
51,272.8360,2446.4290,2.0070,2721.2720
52,272.8200,2445.9750,1.9530,2720.7480
53,272.8190,2446.0820,2.0180,2720.9190
54,272.8360,2445.8510,2.0290,2720.7160
55,272.8280,2445.8160,2.0570,2720.7010
56,272.8230,2445.8360,2.0760,2720.7350
57,272.8740,2446.0180,2.0310,2720.9230
58,272.8180,2446.3630,2.0760,2721.2570
59,272.8550,2446.1810,2.0300,2721.0660
60,272.8300,2446.1360,2.0090,2720.9750
61,272.8530,2445.8360,2.0580,2720.7470
62,272.8290,2445.4410,2.0490,2720.3190
63,272.8310,2446.0300,2.1070,2720.9680
64,272.8770,2445.8350,2.0130,2720.7250
65,272.8440,2446.1790,2.0780,2721.1010
66,272.8380,2445.7580,1.9450,2720.5410
67,272.8350,2445.9880,2.0070,2720.8300
68,272.8290,2445.8540,2.1180,2720.8010
69,272.8260,2445.4720,2.0000,2720.2980
70,272.8350,2447.1990,2.0270,2722.0610
1,178.9900,2126.5270,2.9980,2308.5150
2,178.7340,2126.4780,2.9420,2308.1540
3,178.9030,2124.5360,2.7780,2306.2170
4,179.6090,2124.7140,3.0720,2307.3950
5,180.7800,2125.7800,2.8810,2309.4410
6,178.6250,2125.1600,2.8960,2306.6810
7,178.9930,2126.5600,2.9160,2308.4690
8,178.8250,2126.4330,2.9330,2308.1910
9,178.6320,2126.2190,2.9010,2307.7520
10,178.5860,2126.9050,2.9250,2308.4160
11,178.5950,2126.5420,2.9890,2308.1260
12,178.5340,2126.0550,2.8920,2307.4810
13,178.6230,2126.6770,2.8580,2308.1580
14,178.5610,2125.3210,2.9400,2306.8220
15,178.5300,2126.4830,2.8620,2307.8750
16,178.5820,2124.2370,2.9660,2305.7850
17,178.5740,2124.2130,2.9720,2305.7590
18,178.5700,2124.9790,2.9640,2306.5130
19,178.5470,2124.0190,2.8470,2305.4130
20,178.5450,2126.2480,2.8990,2307.6920
21,178.5750,2125.6230,2.8930,2307.0910
22,178.5880,2125.7130,2.9080,2307.2090
23,178.4990,2126.4820,2.9230,2307.9040
24,178.5740,2125.2490,2.8500,2306.6730
25,178.6070,2125.4510,2.9110,2306.9690
26,178.5140,2124.2000,3.0700,2305.7840
27,178.4790,2126.6550,2.9330,2308.0670
28,178.5800,2126.4170,2.9710,2307.9680
29,178.5010,2126.4340,3.0020,2307.9370
30,178.5680,2126.3120,2.9350,2307.8150
31,178.5730,2124.7480,2.9410,2306.2620
32,178.5270,2125.5750,3.0990,2307.2010
33,178.6500,2126.0570,2.8740,2307.5810
34,178.4850,2126.4530,2.8790,2307.8170
35,178.5070,2125.6810,2.9660,2307.1540
36,178.4860,2126.4530,2.9930,2307.9320
37,178.6570,2125.8440,2.8350,2307.3360
38,178.5370,2126.3000,3.1520,2307.9890
39,178.5320,2126.9710,2.9500,2308.4530
40,178.6280,2124.9820,2.9480,2306.5580
41,178.5140,2125.7920,2.8150,2307.1210
42,178.5080,2126.3580,2.9090,2307.7750
43,178.5430,2126.7460,3.0130,2308.3020
44,178.4900,2125.7160,2.9220,2307.1280
45,178.6250,2126.3380,2.9060,2307.8690
46,178.5590,2125.7960,2.7630,2307.1180
47,178.5730,2126.3180,3.0040,2307.8950
48,178.5600,2126.0510,3.0080,2307.6190
49,178.5640,2125.7660,2.9130,2307.2430
50,178.5750,2125.9170,3.0290,2307.5210
51,178.5030,2125.7080,2.9590,2307.1700
52,178.5040,2125.7280,2.8930,2307.1250
53,178.6050,2126.2530,3.0910,2307.9490
54,178.5330,2125.8650,3.0010,2307.3990
55,178.5580,2126.7100,2.9890,2308.2570
56,178.4650,2125.7460,3.0030,2307.2140
57,178.5170,2126.9580,3.0850,2308.5600
58,178.5490,2126.0100,2.9810,2307.5400
59,178.5630,2126.0310,2.9360,2307.5300
60,178.5640,2126.0500,2.9030,2307.5170
61,178.5070,2125.4940,2.9290,2306.9300
62,178.5290,2124.8240,2.9840,2306.3370
63,178.5050,2124.4750,3.0360,2306.0160
64,178.5490,2126.5230,2.8830,2307.9550
65,178.5050,2126.0650,2.8790,2307.4490
66,178.5450,2124.8610,2.9110,2306.3170
67,178.5500,2126.0260,2.9390,2307.5150
68,178.5720,2126.3310,2.8480,2307.7510
69,178.5800,2126.3720,2.9380,2307.8900
70,178.5850,2126.6630,2.9520,2308.2000
1,1.6110,36.7620,2.1340,40.5070
2,1.5960,36.7470,2.1430,40.4860
3,1.5780,36.7370,2.2450,40.5600
4,1.5730,36.7020,2.2020,40.4770
5,1.5730,36.6680,2.1030,40.3440
6,1.5750,36.7760,2.1620,40.5130
7,1.5810,36.7750,2.1400,40.4960
8,1.5730,36.7420,2.1360,40.4510
9,1.5820,36.7430,2.0660,40.3910
10,1.5710,36.7390,2.2440,40.5540
11,1.5970,36.7700,2.1810,40.5480
12,1.5760,36.8830,2.1280,40.5870
13,1.5730,36.8880,2.2090,40.6700
14,1.5760,37.0460,2.1510,40.7730
15,1.5730,36.9510,2.3190,40.8430
16,1.5750,36.9590,2.1060,40.6400
17,1.5730,36.9150,2.2400,40.7280
18,1.6120,36.9020,2.2110,40.7250
19,1.5800,36.8090,2.1210,40.5100
20,1.5710,36.7870,2.2300,40.5880
21,1.5810,36.7680,2.2180,40.5670
22,1.5700,36.6330,2.2200,40.4230
23,1.5900,36.6270,2.1820,40.3990
24,1.5950,36.6730,2.1910,40.4590
25,1.5910,36.7670,2.2260,40.5840
26,1.5790,36.7260,2.1030,40.4080
27,1.5800,36.7610,2.1780,40.5190
28,1.5770,36.7150,2.2830,40.5750
29,1.5780,36.7440,2.1730,40.4950
30,1.5810,36.7620,2.2430,40.5860
31,1.5780,36.8320,2.2140,40.6240
32,1.5770,36.8530,2.2100,40.6400
33,1.5790,36.8430,2.2790,40.7010
34,1.5780,36.8460,2.1860,40.6100
35,1.5810,36.8110,2.1240,40.5160
36,1.5790,36.8390,2.2090,40.6270
37,1.5790,36.7740,2.1730,40.5260
38,1.5720,36.6880,2.2250,40.4850
39,1.5680,36.7970,2.2020,40.5670
40,1.5740,36.7910,2.1640,40.5290
41,1.5790,36.6850,2.2300,40.4940
42,1.5790,36.6720,2.2400,40.4910
43,1.5800,36.6550,2.1900,40.4250
44,1.5790,36.6390,2.2520,40.4700
45,1.5770,36.6620,2.1020,40.3410
46,1.5680,36.7870,2.1670,40.5220
47,1.5690,36.7970,2.2180,40.5840
48,1.5780,36.7680,2.2450,40.5910
49,1.5790,36.8570,2.2080,40.6440
50,1.5810,36.8630,2.2020,40.6460
51,1.5780,36.7590,2.0970,40.4340
52,1.5780,36.7390,2.2520,40.5690
53,1.5750,36.7260,2.1620,40.4630
54,1.5700,36.7580,2.1460,40.4740
55,1.5710,36.7740,2.2330,40.5780
56,1.5700,36.7550,2.1850,40.5100
57,1.5700,36.7550,2.1780,40.5030
58,1.5790,36.7470,2.2230,40.5490
59,1.5800,36.7800,2.1410,40.5010
60,1.5870,36.7060,2.1430,40.4360
61,1.5780,36.7730,2.2210,40.5720
62,1.5790,36.7490,2.0930,40.4210
63,1.5850,36.7750,2.2270,40.5870
64,1.5820,36.7630,2.1110,40.4560
65,1.5820,36.7600,2.2500,40.5920
66,1.5780,36.7820,2.1220,40.4820
67,1.5790,36.7980,2.2220,40.5990
68,1.5850,36.7990,2.1190,40.5030
69,1.5800,36.7670,2.1620,40.5090
70,1.5800,36.7330,2.2440,40.5570
1,2.2960,59.6740,3.1730,65.1430
2,2.2650,59.6600,3.2470,65.1720
3,2.2700,59.7440,3.1600,65.1740
4,2.2640,59.7360,3.1860,65.1860
5,2.2700,59.6360,3.2470,65.1530
6,2.2640,59.6930,3.2370,65.1940
7,2.2670,59.7180,3.1940,65.1790
8,2.2690,59.9100,3.1540,65.3330
9,2.2640,60.0720,3.2250,65.5610
10,2.2700,60.0150,3.2040,65.4890
11,2.2650,60.1050,3.2030,65.5730
12,2.2670,60.5020,3.2860,66.0550
13,2.2640,59.7340,3.1860,65.1840
14,2.2700,59.7310,3.1750,65.1760
15,2.2650,59.6750,3.2360,65.1760
16,2.2640,59.7230,3.1830,65.1700
17,2.2790,59.7200,3.1160,65.1150
18,2.2650,59.7080,3.1470,65.1200
19,2.2710,59.7960,3.1890,65.2560
20,2.2710,59.6880,3.1920,65.1510
21,2.2740,59.7470,3.1640,65.1850
22,2.2710,59.7580,3.1450,65.1740
23,2.2740,59.7120,3.1370,65.1230
24,2.2740,59.7300,3.1560,65.1600
25,2.2710,59.7110,3.1660,65.1480
26,2.2740,59.7380,3.1810,65.1930
27,2.2710,59.6820,3.2500,65.2030
28,2.2740,59.7120,3.1440,65.1300
29,2.2710,59.7050,3.2020,65.1780
30,2.2730,59.6070,3.1090,64.9890
31,2.2730,59.6750,3.2130,65.1610
32,2.2710,59.7600,3.1590,65.1900
33,2.2730,59.6040,3.0830,64.9600
34,2.2720,59.6390,3.2140,65.1250
35,2.2740,59.6450,3.1200,65.0390
36,2.2720,59.6700,3.1910,65.1330
37,2.2730,59.7010,3.1900,65.1640
38,2.2830,59.6740,3.1390,65.0960
39,2.2700,59.6810,3.1580,65.1090
40,2.2930,59.6520,3.1420,65.0870
41,2.2630,59.6690,3.1830,65.1150
42,2.2700,59.6450,3.1860,65.1010
43,2.2670,59.6340,3.1830,65.0840
44,2.2650,59.7220,3.1570,65.1440
45,2.2680,59.6460,3.1320,65.0460
46,2.2650,59.6530,3.1860,65.1040
47,2.2670,59.7190,3.1970,65.1830
48,2.2650,59.6740,3.2410,65.1800
49,2.2670,59.7070,3.1290,65.1030
50,2.2650,59.6430,3.2580,65.1660
51,2.2670,59.6700,3.1530,65.0900
52,2.2660,59.7240,3.1610,65.1510
53,2.2650,59.6440,3.2460,65.1550
54,2.2780,59.6730,3.2030,65.1540
55,2.2660,59.7070,3.1940,65.1670
56,2.2690,59.6660,3.2080,65.1430
57,2.2640,59.6820,3.1530,65.0990
58,2.2660,59.7150,3.2510,65.2320
59,2.2660,59.7480,3.1970,65.2110
60,2.2650,59.6360,3.1300,65.0310
61,2.2670,59.5780,3.2030,65.0480
62,2.2650,59.6820,3.1430,65.0900
63,2.2670,59.6780,3.1400,65.0850
64,2.2640,59.6880,3.1700,65.1220
65,2.2660,59.7120,3.2270,65.2050
66,2.2750,59.6440,3.2120,65.1310
67,2.2650,59.7100,3.2330,65.2080
68,2.2680,59.6700,3.1400,65.0780
69,2.2650,59.6530,3.1850,65.1030
70,2.2670,59.6320,3.2060,65.1050
1,6.0190,122.2460,3.3090,131.5740
2,5.9980,122.6510,3.2920,131.9410
3,5.9740,122.4930,3.3460,131.8130
4,6.0020,122.4030,3.1980,131.6030
5,5.9830,122.0750,3.3390,131.3970
6,5.9850,122.3580,3.2090,131.5520
7,6.0100,122.3730,3.3440,131.7270
8,6.0160,122.5250,3.2610,131.8020
9,5.9870,122.3080,3.2530,131.5480
10,5.9850,122.4090,3.2170,131.6110
11,5.9960,122.2780,3.2730,131.5470
12,5.9840,122.3670,3.2290,131.5800
13,5.9860,122.4290,3.2770,131.6920
14,5.9830,122.2850,3.3100,131.5780
15,5.9790,122.3440,3.2780,131.6010
16,5.9860,122.3580,3.2160,131.5600
17,5.9800,122.3100,3.2990,131.5890
18,5.9910,122.3260,3.2500,131.5670
19,5.9810,122.2720,3.2460,131.4990
20,5.9880,122.3510,3.2410,131.5800
21,6.0060,122.1850,3.3080,131.4990
22,5.9970,122.3490,3.2950,131.6410
23,5.9880,122.1890,3.2570,131.4340
24,5.9840,122.1620,3.2090,131.3550
25,5.9860,122.3200,3.2620,131.5680
26,5.9860,122.3700,3.3510,131.7070
27,6.0000,122.3600,3.2210,131.5810
28,5.9890,122.3170,3.2150,131.5210
29,5.9920,122.3460,3.2720,131.6100
30,5.9830,122.1420,3.2480,131.3730
31,5.9950,122.3630,3.2070,131.5650
32,5.9990,122.1560,3.1670,131.3220
33,5.9980,122.3370,3.2650,131.6000
34,5.9960,122.2570,3.2540,131.5070
35,5.9710,122.3180,3.2540,131.5430
36,5.9830,122.3590,3.2910,131.6330
37,5.9830,122.2600,3.2290,131.4720
38,5.9920,122.2100,3.2720,131.4740
39,5.9850,122.1870,3.2470,131.4190
40,5.9730,122.2430,3.2890,131.5050
41,5.9790,122.2810,3.2660,131.5260
42,5.9760,122.3600,3.2440,131.5800
43,5.9790,122.3020,3.2510,131.5320
44,5.9800,122.3230,3.2870,131.5900
45,5.9780,122.3270,3.1760,131.4810
46,5.9740,122.2610,3.2560,131.4910
47,5.9760,122.1540,3.2290,131.3590
48,5.9750,122.2440,3.2990,131.5180
49,5.9760,122.2440,3.3400,131.5600
50,5.9760,122.1490,3.3320,131.4570
51,5.9770,122.3500,3.2960,131.6230
52,5.9770,122.2520,3.3000,131.5290
53,5.9880,122.1420,3.3040,131.4340
54,5.9850,122.3820,3.2860,131.6530
55,5.9870,122.3360,3.1910,131.5140
56,5.9850,122.3570,3.2960,131.6380
57,5.9860,122.3640,3.2460,131.5960
58,6.0030,122.3070,3.2620,131.5720
59,5.9940,122.2360,3.2250,131.4550
60,5.9880,122.3230,3.2170,131.5280
61,5.9920,122.2420,3.2020,131.4360
62,5.9840,122.2770,3.2170,131.4780
63,5.9760,122.1570,3.1540,131.2870
64,5.9730,122.3540,3.2750,131.6020
65,5.9790,122.3150,3.2320,131.5260
66,5.9740,122.3270,3.2680,131.5690
67,5.9760,122.3720,3.3080,131.6560
68,5.9850,122.3120,3.2840,131.5810
69,5.9880,122.2400,3.2710,131.4990
70,5.9840,122.2030,3.3400,131.5270
1,100.6580,763.4980,0.7370,864.8930
2,100.4670,762.4460,0.7930,863.7060
3,100.4130,762.4930,0.7570,863.6630
4,100.3160,763.4590,0.8290,864.6040
5,100.6150,762.6200,0.7710,864.0060
6,100.7230,763.1710,0.7730,864.6670
7,100.9760,763.4980,0.7640,865.2380
8,102.0140,763.2600,0.7560,866.0300
9,101.0000,763.6950,0.7180,865.4130
10,100.5730,762.5010,0.7930,863.8670
11,100.5020,763.4350,0.7650,864.7020
12,100.6780,763.5650,0.7440,864.9870
13,100.6020,762.9010,0.7230,864.2260
14,100.6640,763.3970,0.7810,864.8420
15,100.5920,763.3520,0.7450,864.6890
16,100.4720,763.3840,0.7570,864.6130
17,100.6190,762.6600,0.7570,864.0360
18,100.6260,763.5590,0.7360,864.9210
19,100.6120,763.5770,0.7400,864.9290
20,100.6220,763.0060,0.6950,864.3230
21,100.5090,763.2860,0.8040,864.5990
22,100.3850,763.5880,0.7970,864.7700
23,100.4940,763.4230,0.7360,864.6530
24,100.5960,763.1820,0.7210,864.4990
25,100.5950,763.7630,0.7900,865.1480
26,100.5710,763.2190,0.7710,864.5610
27,100.5780,763.4050,0.7770,864.7600
28,100.6070,763.0100,0.7820,864.3990
29,100.6000,762.8140,0.7970,864.2110
30,100.5700,763.4960,0.7800,864.8460
31,100.6100,763.6310,0.7940,865.0350
32,100.6210,763.3020,0.7100,864.6330
33,100.5950,763.6180,0.7520,864.9650
34,100.6080,763.0210,0.7500,864.3790
35,100.5930,763.5800,0.7410,864.9140
36,100.5850,763.1620,0.7440,864.4910
37,100.4890,762.6080,0.7410,863.8380
38,100.4530,762.9730,0.7830,864.2090
39,100.4600,763.5720,0.7720,864.8040
40,100.4870,763.2050,0.7830,864.4750
41,100.5330,763.1980,0.7940,864.5250
42,100.5020,763.4170,0.7960,864.7150
43,100.4600,763.1010,0.7400,864.3010
44,100.4490,762.9980,0.7880,864.2350
45,100.5420,763.4950,0.7200,864.7570
46,100.5460,763.5000,0.7570,864.8030
47,100.4770,762.9520,0.7720,864.2010
48,100.5870,763.2370,0.7480,864.5720
49,100.5890,762.9250,0.7220,864.2360
50,100.5130,763.0470,0.7410,864.3010
51,100.3530,762.8460,0.6800,863.8790
52,100.4230,763.4070,0.7670,864.5970
53,100.5830,763.5040,0.7200,864.8070
54,100.3950,763.5230,0.7560,864.6740
55,100.4150,762.9280,0.7940,864.1370
56,100.4390,762.9510,0.7770,864.1670
57,100.5580,763.4410,0.7620,864.7610
58,100.5890,762.5840,0.7320,863.9050
59,100.5840,763.6130,0.7600,864.9570
60,100.5880,763.0610,0.7800,864.4290
61,100.5940,762.8560,0.7330,864.1830
62,100.5950,762.5700,0.7710,863.9360
63,100.5980,762.5930,0.7390,863.9300
64,100.4190,763.5560,0.7990,864.7740
65,100.3440,763.5600,0.7720,864.6760
66,100.3600,763.5720,0.7630,864.6950
67,100.5700,763.0740,0.8090,864.4530
68,100.5880,763.1670,0.6740,864.4290
69,100.6050,763.5480,0.7440,864.8970
70,100.6130,762.5870,0.7580,863.9580
1,144.9320,1336.5690,1.1100,1482.6110
2,145.1460,1336.4790,1.1540,1482.7790
3,144.9910,1337.5990,1.1420,1483.7320
4,144.9880,1337.3410,1.1820,1483.5110
5,145.0610,1336.2320,1.1700,1482.4630
6,144.8920,1336.4360,1.0930,1482.4210
7,144.8230,1336.5860,1.1060,1482.5150
8,144.8510,1335.9030,1.1450,1481.8990
9,145.0260,1336.1500,1.1360,1482.3120
10,144.9740,1336.3880,1.1150,1482.4770
11,144.9070,1336.4380,1.1210,1482.4660
12,144.8660,1336.7250,1.0770,1482.6680
13,144.9180,1336.2850,1.1270,1482.3300
14,145.0010,1336.3610,1.1240,1482.4860
15,144.9340,1336.5210,1.1270,1482.5820
16,144.8780,1336.1920,1.1310,1482.2010
17,144.8820,1336.2500,1.1140,1482.2460
18,144.9290,1336.1990,1.0750,1482.2030
19,144.9550,1336.1090,1.1430,1482.2070
20,144.9820,1336.4550,1.1010,1482.5380
21,144.9070,1336.1510,1.1240,1482.1820
22,144.8810,1336.3900,1.1260,1482.3970
23,145.1080,1336.4250,1.0960,1482.6290
24,144.8880,1336.4790,1.1090,1482.4760
25,144.9530,1336.1720,1.0790,1482.2040
26,144.9340,1336.6230,1.1240,1482.6810
27,145.0100,1336.4230,1.1240,1482.5570
28,144.9050,1336.1040,1.1470,1482.1560
29,144.8810,1336.4710,1.1020,1482.4540
30,144.9460,1336.4930,1.0830,1482.5220
31,144.9230,1336.4330,1.1200,1482.4760
32,145.0160,1336.5880,1.1240,1482.7280
33,144.7690,1336.1820,1.1070,1482.0580
34,144.8790,1336.5060,1.1350,1482.5200
35,144.9410,1336.5950,1.1240,1482.6600
36,144.9850,1336.1180,1.1260,1482.2290
37,144.9330,1336.6100,1.1530,1482.6960
38,144.8530,1335.8470,1.1560,1481.8560
39,144.9280,1336.7640,1.1120,1482.8040
40,145.0090,1336.2770,1.1350,1482.4210
41,144.8640,1336.4500,1.1500,1482.4640
42,144.8950,1336.3750,1.1390,1482.4090
43,144.9740,1336.6300,1.1120,1482.7160
44,144.8970,1336.1610,1.0570,1482.1150
45,144.9370,1335.9280,1.1220,1481.9870
46,144.9040,1336.2970,1.1310,1482.3320
47,144.9150,1336.6060,1.0850,1482.6060
48,144.9840,1337.0020,1.0960,1483.0820
49,144.9180,1337.0300,1.1650,1483.1130
50,145.0550,1337.0850,1.1390,1483.2790
51,144.8980,1337.7580,1.0780,1483.7340
52,145.0230,1337.5430,1.1250,1483.6910
53,144.9620,1337.9120,1.1050,1483.9790
54,144.8800,1337.6320,1.0890,1483.6010
55,144.8730,1337.5560,1.1240,1483.5530
56,144.8810,1337.7290,1.1010,1483.7110
57,144.8890,1337.0950,1.0630,1483.0470
58,144.9120,1337.6920,1.1270,1483.7310
59,145.0270,1337.3700,1.1200,1483.5170
60,144.9430,1337.7450,1.1320,1483.8200
61,144.9440,1336.7180,1.1220,1482.7840
62,144.8660,1336.2480,1.1310,1482.2450
63,144.8940,1336.0130,1.1290,1482.0360
64,144.7840,1336.4750,1.1360,1482.3950
65,144.8270,1336.5890,1.1260,1482.5420
66,144.8010,1336.4590,1.1270,1482.3870
67,145.0270,1336.7150,1.1370,1482.8790
68,144.9530,1336.2490,1.1330,1482.3350
69,144.8480,1336.2580,1.1140,1482.2200
70,144.7900,1336.8510,1.1110,1482.7520
1,95.8590,1179.1890,1.6480,1276.6960
2,95.6490,1179.1860,1.6220,1276.4570
3,95.7960,1179.9810,1.6810,1277.4580
4,95.6380,1179.8690,1.6490,1277.1560
5,95.4930,1179.3920,1.6090,1276.4940
6,95.8720,1179.7010,1.5990,1277.1720
7,95.8800,1179.4420,1.6450,1276.9670
8,96.1300,1179.4130,1.5630,1277.1060
9,96.6130,1179.7850,1.6760,1278.0740
10,96.2490,1178.9660,1.6300,1276.8450
11,95.6190,1179.0470,1.6510,1276.3170
12,95.7860,1179.9250,1.6200,1277.3310
13,95.7420,1179.6830,1.6800,1277.1050
14,95.6760,1179.9250,1.5990,1277.2000
15,95.8670,1179.6850,1.6150,1277.1670
16,95.8120,1179.4460,1.6980,1276.9560
17,95.9230,1179.9210,1.6630,1277.5070
18,95.9820,1180.0780,1.6550,1277.7150
19,95.7870,1179.4540,1.6320,1276.8730
20,95.6090,1179.1640,1.6590,1276.4320
21,95.8390,1179.3880,1.6090,1276.8360
22,95.6830,1179.4830,1.6500,1276.8160
23,95.6450,1180.1580,1.7150,1277.5180
24,95.7570,1180.0650,1.6800,1277.5020
25,95.7850,1180.7680,1.6530,1278.2060
26,95.6340,1179.8350,1.6840,1277.1530
27,95.8430,1179.9030,1.6200,1277.3660
28,95.5300,1178.8500,1.5340,1275.9140
29,95.6470,1179.3510,1.6340,1276.6320
30,95.6480,1180.0150,1.6300,1277.2930
31,95.7750,1180.0170,1.6860,1277.4780
32,95.7120,1179.2610,1.6300,1276.6030
33,95.7260,1179.5190,1.6340,1276.8790
34,95.7210,1179.0810,1.6450,1276.4470
35,95.6610,1179.0920,1.6200,1276.3730
36,95.8040,1179.7470,1.6320,1277.1830
37,95.8810,1179.1800,1.6210,1276.6820
38,95.9090,1179.6990,1.6670,1277.2750
39,95.8240,1179.6920,1.5920,1277.1080
40,95.6900,1179.5120,1.6600,1276.8620
41,95.6920,1179.7270,1.6280,1277.0470
42,95.6460,1179.9440,1.6920,1277.2820
43,95.7400,1180.0910,1.6570,1277.4880
44,95.4580,1180.2590,1.5980,1277.3150
45,95.7050,1180.1440,1.5700,1277.4190
46,95.6700,1179.9700,1.6600,1277.3000
47,95.7760,1180.1700,1.6330,1277.5790
48,95.7340,1179.6450,1.6540,1277.0330
49,95.5790,1179.1830,1.6500,1276.4120
50,95.7100,1179.2340,1.6240,1276.5680
51,95.5640,1179.9950,1.6080,1277.1670
52,95.6690,1179.0210,1.6210,1276.3110
53,95.8190,1179.5850,1.6680,1277.0720
54,95.5610,1179.4540,1.5740,1276.5890
55,95.7730,1178.8010,1.6190,1276.1930
56,95.6960,1179.3930,1.6340,1276.7230
57,95.5750,1179.8590,1.6320,1277.0660
58,95.7040,1179.0410,1.6580,1276.4030
59,95.7230,1180.0420,1.6670,1277.4320
60,95.8700,1180.3560,1.6110,1277.8370
61,95.8670,1179.3840,1.6190,1276.8700
62,95.6970,1179.9940,1.6630,1277.3540
63,95.8050,1179.7870,1.6250,1277.2170
64,95.6580,1179.8450,1.6850,1277.1880
65,95.6200,1180.4600,1.5670,1277.6470
66,95.6920,1179.8420,1.7400,1277.2740
67,95.6770,1179.4190,1.6050,1276.7010
68,95.7840,1179.4280,1.6640,1276.8760
69,95.6340,1179.1070,1.6700,1276.4110
70,95.6950,1179.4610,1.6170,1276.7730
