Iteración,Tiempo Generación Claves (ms),Tiempo Firma Pequeña (ms),Tiempo Firma Grande (ms),Tiempo Verificación Pequeña (ms),Tiempo Verificación Grande (ms),Tiempo Total Pequeño (ms),Tiempo Total Grande (ms)
1,1.0898,3.8111,1.6246,0.8977,0.8532,5.7986,3.5677
2,0.4570,1.0642,0.7915,0.7292,0.6766,2.2504,1.9251
3,0.3017,0.5152,1.6387,0.4503,0.3729,1.2672,2.3133
4,0.3273,1.3372,1.3523,0.3472,0.3706,2.0117,2.0502
5,0.3052,2.1439,1.8398,0.3577,0.3784,2.8068,2.5235
6,0.3355,0.3903,0.5465,0.3477,0.3958,1.0735,1.2779
7,0.3445,0.5756,0.9796,0.3742,0.3931,1.2943,1.7171
8,0.3109,0.8007,0.6208,0.2295,0.2139,1.3412,1.1456
9,0.3165,1.3481,1.2708,0.1836,0.2243,1.8482,1.8116
10,0.2940,0.4864,3.2148,0.2838,1.8776,1.0642,5.3864
11,0.4658,0.5908,0.8504,0.2589,0.3220,1.3155,1.6383
12,0.3798,1.0679,0.7770,0.2619,0.3082,1.7096,1.4650
13,0.3670,0.4633,0.8822,0.3255,0.2931,1.1558,1.5423
14,0.3671,0.4229,0.8956,0.2854,0.2984,1.0754,1.5610
15,0.3734,0.6015,1.1614,0.2624,0.3241,1.2374,1.8589
16,0.3779,0.5152,0.3966,0.1894,0.2157,1.0825,0.9902
17,0.3579,0.5891,0.4974,0.3101,0.3223,1.2571,1.1775
18,0.3513,0.5569,0.7799,0.1826,0.1997,1.0908,1.3308
19,0.3162,0.3016,0.6696,0.1781,0.2035,0.7960,1.1894
20,0.3087,0.5701,0.4095,0.1787,0.2065,1.0575,0.9247
21,0.2784,0.3508,0.7143,0.1751,0.1996,0.8042,1.1923
22,0.2520,0.2880,0.3580,0.1822,0.2051,0.7221,0.8151
23,0.2539,1.1699,0.4783,0.1860,0.2038,1.6098,0.9360
24,0.2873,0.7808,0.3939,0.2003,0.2042,1.2683,0.8854
25,0.3443,0.6912,0.4904,0.2457,0.2968,1.2811,1.1315
26,0.3507,2.2353,1.4596,0.2624,0.2963,2.8485,2.1066
27,0.3549,1.6125,0.4479,0.2759,0.3111,2.2434,1.1139
28,0.3515,0.4290,0.4714,0.2583,0.2815,1.0387,1.1044
29,0.3459,0.4263,0.4533,0.2768,0.2953,1.0490,1.0946
30,0.3341,0.6865,0.4823,0.2654,0.3081,1.2861,1.1246
31,0.3655,0.4148,1.5255,0.2671,0.3010,1.0474,2.1921
32,0.3517,0.5183,0.6263,0.2731,0.3354,1.1431,1.3135
33,0.3373,0.5342,0.4527,0.2596,0.3169,1.1311,1.1069
34,0.3058,0.6850,0.5133,0.1745,0.2215,1.1653,1.0406
35,0.3614,0.4217,0.5574,0.1783,0.2200,0.9614,1.1388
36,0.3216,0.2676,0.3260,0.1751,0.2005,0.7643,0.8481
37,0.2693,1.6862,0.4722,0.1750,0.2005,2.1305,0.9420
38,0.3057,0.3578,0.3366,0.2079,0.2833,0.8715,0.9255
39,0.2972,0.2745,0.3700,0.1875,0.2054,0.7593,0.8726
40,0.3108,0.2653,0.6440,0.1945,0.2010,0.7706,1.1557
41,0.3070,1.0134,0.3439,0.1865,0.2025,1.5070,0.8534
42,0.3132,0.9462,2.6515,0.1957,0.2103,1.4550,3.1750
43,0.3132,0.6148,1.7811,0.2224,0.1957,1.1505,2.2901
44,0.3023,0.2686,0.5424,0.1898,0.1968,0.7608,1.0415
45,0.2762,0.6486,0.4390,0.1712,0.2214,1.0960,0.9367
46,0.2622,0.3473,0.3965,0.1697,0.2003,0.7792,0.8589
47,0.2673,0.2688,0.4577,0.1880,0.1975,0.7241,0.9225
48,0.2684,0.6440,1.3998,0.1737,0.2082,1.0861,1.8765
49,0.2750,0.4223,0.4008,0.1694,0.2011,0.8666,0.8768
50,0.2845,0.5138,1.2767,0.1908,0.1958,0.9890,1.7569
51,0.3382,0.3122,0.3017,0.1897,0.1963,0.8401,0.8362
52,0.2636,0.4004,0.4744,0.1741,0.1962,0.8381,0.9342
53,0.2930,0.4639,0.4073,0.1683,0.1991,0.9253,0.8994
54,0.2882,0.2620,0.2920,0.1678,0.2133,0.7180,0.7936
55,0.2940,0.2669,0.3032,0.1676,0.1998,0.7284,0.7969
56,0.2726,0.7109,0.6421,0.1690,0.1947,1.1526,1.1095
57,0.3000,0.2759,0.2881,0.1739,0.1957,0.7497,0.7838
58,0.2840,0.2678,0.6826,0.1696,0.1990,0.7213,1.1656
59,0.3254,0.5029,0.3748,0.1831,0.1999,1.0114,0.9001
60,0.2810,0.5329,0.2954,0.1715,0.2080,0.9854,0.7845
61,0.2828,0.4735,1.3772,0.1758,0.2163,0.9321,1.8764
62,0.3090,0.2694,1.0645,0.1748,0.2511,0.7532,1.6246
63,0.3698,0.3273,0.4764,0.1738,0.1968,0.8710,1.0431
64,0.2917,0.3450,2.1408,0.1866,0.1966,0.8232,2.6291
65,0.2731,0.8707,0.9517,0.1731,0.1948,1.3170,1.4196
66,0.2835,0.4170,1.3753,0.1752,0.1990,0.8757,1.8579
67,0.2950,0.3529,0.5278,0.1815,0.1945,0.8295,1.0173
68,0.2573,1.2052,0.9250,0.1666,0.2059,1.6291,1.3882
69,0.2704,0.7192,0.2966,0.1767,0.2157,1.1663,0.7827
70,0.3003,0.4394,0.8540,0.1734,0.2179,0.9130,1.3722
71,0.3359,0.7634,0.3466,0.1949,0.1968,1.2943,0.8792
72,0.3079,0.4368,0.3924,0.1708,0.2012,0.9156,0.9014
73,0.2707,0.5812,0.3084,0.1927,0.1971,1.0446,0.7762
74,0.2947,0.6816,0.5467,0.1709,0.2025,1.1473,1.0439
75,0.3849,1.7243,0.9561,0.1991,0.1997,2.3083,1.5407
76,0.2885,0.8508,0.3077,0.1962,0.1961,1.3356,0.7923
77,0.2987,0.4349,0.6895,0.1933,0.1967,0.9269,1.1849
78,0.2864,0.2901,0.2973,0.1671,0.2092,0.7436,0.7929
79,0.3140,1.5441,0.7486,0.1706,0.1946,2.0287,1.2572
80,0.2893,0.5067,0.3202,0.1756,0.1955,0.9715,0.8050
81,0.2918,1.5109,0.3934,0.1902,0.1957,1.9929,0.8809
82,0.2913,0.6433,0.3999,0.1708,0.2226,1.1054,0.9138
83,0.2946,0.4756,0.9879,0.1749,0.1952,0.9451,1.4778
84,0.2966,0.5683,0.3126,0.2154,0.1970,1.0802,0.8063
85,0.2863,0.4079,0.2924,0.1710,0.1959,0.8652,0.7747
86,0.3164,0.2767,0.4835,0.1713,0.1952,0.7644,0.9951
87,0.2845,0.3981,0.6194,0.1953,0.1955,0.8779,1.0993
88,0.2904,0.2986,1.0027,0.1731,0.2005,0.7622,1.4935
89,0.2977,0.7783,0.6300,0.1717,0.1952,1.2477,1.1230
90,0.3121,0.4104,0.3775,0.1929,0.1951,0.9153,0.8847
91,0.2816,0.2866,0.4607,0.1792,0.1993,0.7474,0.9416
92,0.2719,0.5041,0.3224,0.1729,0.1943,0.9489,0.7887
93,0.2887,0.3924,0.8801,0.1716,0.1983,0.8527,1.3671
94,0.3211,0.4517,0.8069,0.1718,0.1995,0.9447,1.3275
95,0.3231,0.4368,0.4898,0.1678,0.1956,0.9278,1.0085
96,0.2840,1.0198,0.4104,0.1730,0.2205,1.4768,0.9149
97,0.3129,1.5942,0.6663,0.1806,0.2011,2.0876,1.1803
98,0.2881,0.4134,0.4654,0.1972,0.1966,0.8986,0.9501
99,0.3436,1.5705,0.4218,0.1760,0.2020,2.0901,0.9674
100,0.3071,0.7031,1.8209,0.1776,0.2187,1.1878,2.3467
101,0.3159,0.3741,0.5692,0.1714,0.1966,0.8614,1.0817
102,0.2932,0.6998,1.1166,0.1760,0.1973,1.1690,1.6072
103,0.2717,0.5992,0.3808,0.1978,0.1968,1.0687,0.8492
104,0.2669,0.5302,1.5116,0.2007,0.1977,0.9978,1.9763
105,0.3280,1.5749,0.8346,0.1880,0.1968,2.0909,1.3594
106,0.3221,0.3404,0.4327,0.1991,0.2014,0.8615,0.9562
107,0.3025,1.0327,1.6958,0.1728,0.1957,1.5079,2.1940
108,0.3041,0.2694,0.2933,0.2116,0.1965,0.7851,0.7938
109,0.2869,0.3884,0.5152,0.1720,0.2395,0.8473,1.0416
110,0.2861,0.8632,0.3678,0.1710,0.2267,1.3203,0.8805
111,0.2895,0.3671,0.6636,0.1748,0.2459,0.8314,1.1990
112,0.3594,1.1358,0.4534,0.2487,0.2838,1.7439,1.0966
113,0.3775,0.7831,0.4319,0.2490,0.2826,1.4095,1.0919
114,0.3424,0.3862,0.5905,0.2476,0.2972,0.9762,1.2302
115,0.3583,1.1587,0.4525,0.2420,0.2847,1.7590,1.0955
116,0.3485,1.3656,0.5658,0.2462,0.2806,1.9603,1.1949
117,0.3492,0.7226,1.5661,0.2460,0.2796,1.3178,2.1949
118,0.3448,0.7771,0.4283,0.2702,0.3049,1.3922,1.0780
119,0.3370,0.6214,0.6841,0.2492,0.2937,1.2076,1.3149
120,0.3562,0.3875,0.8406,0.2426,0.2789,0.9863,1.4757
121,0.3381,1.9343,1.7766,0.1974,0.2286,2.4698,2.3433
122,0.2585,0.2921,0.3053,0.1724,0.1989,0.7231,0.7627
123,0.2558,0.4069,1.1354,0.1964,0.1972,0.8592,1.5884
124,0.2611,0.3656,0.3635,0.1705,0.2113,0.7973,0.8359
125,0.2967,0.6663,1.0976,0.1771,0.1992,1.1401,1.5935
126,0.2578,0.6138,0.5337,0.2094,0.2010,1.0810,0.9924
127,0.2534,0.3629,0.2968,0.1721,0.1963,0.7884,0.7465
128,0.2691,1.1691,0.5834,0.1724,0.2153,1.6107,1.0678
129,0.2981,0.3637,1.4034,0.1783,0.2220,0.8401,1.9235
130,0.2791,1.0374,1.2662,0.2080,0.1976,1.5246,1.7429
131,0.2848,1.2044,0.5658,0.1713,0.1962,1.6605,1.0468
132,0.2715,0.3666,0.3093,0.1767,0.2015,0.8147,0.7823
133,0.2506,1.2632,0.6201,0.1752,0.2156,1.6890,1.0864
134,0.2713,0.7221,1.1289,0.1773,0.1985,1.1707,1.5988
135,0.2863,0.6071,0.6244,0.1701,0.2079,1.0635,1.1187
136,0.2941,0.6709,0.6799,0.1717,0.2171,1.1368,1.1911
137,0.2687,0.2675,1.3453,0.1766,0.2071,0.7128,1.8211
138,0.2613,0.4201,0.3876,0.1697,0.2143,0.8511,0.8631
139,0.2826,0.4373,0.4095,0.1720,0.1990,0.8919,0.8910
140,0.2838,0.6081,0.3932,0.1694,0.2003,1.0612,0.8773
141,0.2729,0.2705,0.7292,0.1736,0.1984,0.7170,1.2005
142,0.2529,2.0182,0.4531,0.1706,0.1957,2.4417,0.9017
143,0.2751,0.3400,0.7059,0.1685,0.1969,0.7836,1.1779
144,0.2606,0.5412,0.8391,0.1772,0.1969,0.9791,1.2966
145,0.2766,1.4198,0.5749,0.1745,0.1996,1.8709,1.0511
146,0.2722,0.4424,0.7320,0.2155,0.2302,0.9301,1.2344
147,0.3807,0.6333,0.5954,0.1710,0.1957,1.1850,1.1718
148,0.3085,0.5136,0.4992,0.1760,0.1967,0.9981,1.0044
149,0.3086,1.6510,0.3862,0.1734,0.2158,2.1330,0.9107
150,0.3044,0.6287,0.2931,0.1894,0.1965,1.1226,0.7940
151,0.2900,0.9588,0.4010,0.2645,0.2361,1.5134,0.9272
152,0.3462,0.2675,0.2892,0.3165,0.2042,0.9301,0.8396
153,0.2838,0.6134,1.5116,0.1929,0.2004,1.0900,1.9957
154,0.3065,0.9174,0.5701,0.1722,0.1966,1.3960,1.0732
155,0.3266,0.3591,0.5419,0.1905,0.1963,0.8762,1.0649
156,0.2854,0.7182,0.6948,0.1759,0.2005,1.1794,1.1807
157,0.3081,0.5910,1.0077,0.1765,0.2179,1.0756,1.5338
158,2.5412,0.3087,0.4728,0.1762,0.2290,3.0261,3.2430
159,0.3039,0.3624,0.8719,0.1756,0.2143,0.8418,1.3901
160,0.2968,0.7235,0.5305,0.1872,0.2003,1.2074,1.0276
161,0.3390,0.6101,0.5472,0.1728,0.2388,1.1219,1.1250
162,0.2636,0.4416,1.1385,0.1705,0.1956,0.8757,1.5977
163,0.2777,0.6806,0.5808,0.1699,0.2001,1.1282,1.0586
164,0.2677,0.9051,1.2208,0.1762,0.1956,1.3490,1.6841
165,0.2688,0.8341,0.2956,0.1735,0.1962,1.2764,0.7606
166,0.2566,0.6262,0.5654,0.1713,0.1991,1.0541,1.0211
167,0.2606,0.3566,0.3821,0.2220,0.2099,0.8392,0.8526
168,0.2530,0.2901,0.6572,0.1884,0.1975,0.7316,1.1078
169,0.2580,1.8960,1.2458,0.1739,0.2144,2.3280,1.7183
170,0.2587,0.4646,1.2091,0.1829,0.2521,0.9063,1.7199
171,0.3159,0.4394,0.9841,0.1914,0.2121,0.9466,1.5121
172,0.2782,0.7836,0.2928,0.1715,0.2040,1.2333,0.7749
173,0.2687,0.2630,0.8984,0.1719,0.2017,0.7036,1.3687
174,0.2856,0.3556,0.5812,0.1726,0.1938,0.8138,1.0607
175,0.2720,0.6460,0.6268,0.1690,0.1966,1.0871,1.0955
176,0.2835,0.3996,0.9121,0.1706,0.1996,0.8537,1.3951
177,0.3533,1.1550,1.5334,0.1760,0.2020,1.6843,2.0887
178,0.3007,0.4496,0.2956,0.1694,0.2124,0.9197,0.8088
179,0.2610,0.2657,0.5575,0.1713,0.1967,0.6980,1.0152
180,0.2826,0.6079,0.4654,0.1713,0.1955,1.0618,0.9434
181,0.2571,0.4463,0.6900,0.1747,0.1958,0.8780,1.1428
182,0.2362,0.4457,0.4732,0.1768,0.1965,0.8587,0.9059
183,0.2262,0.3341,0.5584,0.2004,0.1952,0.7606,0.9798
184,0.2498,0.6405,1.3256,0.1751,0.1993,1.0654,1.7746
185,0.2805,0.2777,0.8633,0.1694,0.1955,0.7277,1.3393
186,0.2474,0.2795,0.5723,0.1783,0.1962,0.7052,1.0158
187,0.2789,0.6261,1.3961,0.1754,0.2087,1.0805,1.8838
188,0.2947,0.3885,1.6016,0.1750,0.2082,0.8582,2.1045
189,0.2722,0.6950,0.5269,0.1827,0.1975,1.1500,0.9966
190,0.2707,0.6408,0.9502,0.1761,0.2027,1.0876,1.4236
191,0.2834,0.3459,2.4644,0.1851,0.2015,0.8144,2.9494
192,0.2754,0.2673,0.5278,0.1694,0.1942,0.7121,0.9974
193,0.2535,0.3410,0.7337,0.1701,0.2005,0.7646,1.1877
194,0.2693,0.2654,0.7296,0.1774,0.2198,0.7121,1.2187
195,0.3802,0.5688,0.7357,0.2546,0.3291,1.2036,1.4450
196,0.3271,0.5468,0.4756,0.2613,0.3164,1.1351,1.1191
197,0.3257,0.8086,1.0670,0.2572,0.3080,1.3915,1.7008
198,0.3491,0.7343,0.4424,0.2704,0.2956,1.3538,1.0871
199,0.3591,0.6985,1.3453,0.2634,0.2935,1.3209,1.9978
200,0.3604,0.5607,0.5932,0.2412,0.2979,1.1623,1.2514
201,0.3475,0.5329,0.9734,0.2926,0.2930,1.1730,1.6139
202,0.3274,1.4525,0.8272,0.2596,0.2974,2.0395,1.4520
203,0.3678,0.4016,0.7959,0.2506,0.3119,1.0200,1.4757
204,0.3231,0.7940,1.0517,0.2606,0.2987,1.3777,1.6735
205,0.3545,0.7885,0.6620,0.2709,0.2935,1.4139,1.3100
206,0.3487,0.3895,1.0937,0.2568,0.3010,0.9951,1.7434
207,0.2614,1.6215,0.8268,0.2244,0.2201,2.1073,1.3083
208,0.2805,0.9057,0.4755,0.2601,0.3134,1.4463,1.0694
209,0.3383,0.5019,1.6547,0.2596,0.2880,1.0997,2.2809
210,0.3331,1.2709,1.6374,0.2657,0.3096,1.8697,2.2801
211,0.3331,0.3785,0.4389,0.2472,0.2766,0.9588,1.0487
212,0.3363,0.6282,0.5824,0.1867,0.2730,1.1512,1.1917
213,0.3283,1.0541,0.4299,0.2316,0.2450,1.6140,1.0033
214,0.3703,0.3821,1.0895,0.2457,0.2859,0.9980,1.7456
215,0.3664,0.4373,0.4032,0.1708,0.1947,0.9745,0.9643
216,0.2602,0.8903,0.3718,0.1664,0.1955,1.3169,0.8275
217,0.2540,0.3607,0.4795,0.1706,0.2090,0.7852,0.9425
218,0.2815,0.2686,0.7282,0.1690,0.2005,0.7191,1.2103
219,0.2712,0.5477,1.2354,0.1884,0.2019,1.0074,1.7086
220,0.2601,0.8950,1.4290,0.1699,0.2068,1.3251,1.8959
221,0.2617,1.0429,0.8094,0.1713,0.1995,1.4759,1.2706
222,0.2778,0.4490,1.4998,0.1834,0.2106,0.9102,1.9882
223,0.3405,0.5874,1.9702,0.1771,0.2053,1.1050,2.5160
224,0.2690,1.3421,1.1347,0.1896,0.1990,1.8007,1.6027
225,0.2684,0.5280,1.0770,0.1713,0.2030,0.9677,1.5484
226,0.2701,0.9371,0.7842,0.1940,0.1961,1.4012,1.2504
227,0.3426,0.6915,0.4573,0.1894,0.1955,1.2234,0.9953
228,0.2578,0.4714,0.5210,0.1656,0.2051,0.8948,0.9840
229,0.1946,0.5265,0.4060,0.1684,0.1929,0.8895,0.7935
230,0.2096,1.9620,0.3007,0.1705,0.1993,2.3420,0.7096
231,0.2013,0.2717,0.3727,0.2316,0.2740,0.7046,0.8480
232,0.2563,0.4297,0.3952,0.1699,0.1952,0.8559,0.8467
233,0.2096,0.3591,0.7184,0.1830,0.1947,0.7517,1.1228
234,0.1942,0.2589,0.4004,0.1685,0.1982,0.6216,0.7929
235,0.2061,0.6076,0.4513,0.2010,0.2587,1.0146,0.9160
236,0.3136,0.3195,0.4783,0.1722,0.2070,0.8054,0.9988
237,0.2464,0.2620,0.5020,0.1705,0.1989,0.6789,0.9473
238,0.1967,1.3510,0.5614,0.1652,0.2051,1.7129,0.9633
239,0.2126,0.3489,2.4524,0.2038,0.2149,0.7652,2.8799
240,0.3021,0.3537,0.3830,0.1778,0.2003,0.8335,0.8854
241,0.2443,0.9522,0.7432,0.1748,0.1990,1.3712,1.1865
242,0.2830,0.7321,0.5455,0.1857,0.2075,1.2008,1.0360
243,0.3058,0.5881,0.4691,0.1666,0.1955,1.0605,0.9704
244,0.2447,0.4420,0.4520,0.1850,0.2024,0.8717,0.8991
245,0.3059,0.6528,0.4075,0.1748,0.2156,1.1335,0.9290
246,0.2710,0.7725,0.6133,0.1846,0.1993,1.2281,1.0837
247,0.2733,1.7547,0.6032,0.1726,0.1954,2.2006,1.0719
248,0.2940,0.2857,0.2914,0.1694,0.2023,0.7491,0.7877
249,0.3246,0.5292,0.7773,0.1707,0.1950,1.0244,1.2969
250,0.2816,0.6326,0.7339,0.1728,0.2119,1.0870,1.2274
251,0.2902,0.2637,1.3700,0.1715,0.1967,0.7254,1.8569
252,0.3186,1.5817,0.4163,0.1685,0.2150,2.0688,0.9499
253,0.2798,0.6270,0.8779,0.2086,0.2085,1.1154,1.3662
254,0.3000,0.3626,1.0706,0.1822,0.2063,0.8448,1.5768
255,0.2854,0.2719,0.3952,0.1683,0.2107,0.7256,0.8914
256,0.2845,0.2917,1.0215,0.1674,0.1938,0.7436,1.4999
257,0.2754,0.2583,0.4541,0.1739,0.2140,0.7075,0.9434
258,0.2646,1.1921,0.7922,0.1740,0.1961,1.6307,1.2530
259,0.3543,0.7932,0.2995,0.1719,0.1945,1.3194,0.8483
260,0.2842,0.3545,0.4837,0.1683,0.1954,0.8070,0.9633
261,0.2495,0.3484,0.4854,0.1665,0.2131,0.7644,0.9480
262,0.2558,1.7758,1.2168,0.2333,0.2621,2.2649,1.7347
263,0.3658,1.2551,0.4840,0.1734,0.2082,1.7943,1.0580
264,0.3130,0.2998,0.4548,0.1737,0.2363,0.7866,1.0042
265,0.2734,0.2798,1.0350,0.1827,0.1929,0.7359,1.5013
266,0.2532,0.4276,0.2855,0.1745,0.1975,0.8553,0.7362
267,0.2658,2.5676,0.2892,0.1856,0.1934,3.0190,0.7484
268,0.2867,1.1275,1.5701,0.1776,0.1940,1.5919,2.0508
269,0.2864,0.2606,0.3803,0.1817,0.1939,0.7286,0.8606
270,0.2344,0.2622,0.3127,0.1743,0.1939,0.6708,0.7409
271,0.2244,0.4540,1.3056,0.1750,0.2100,0.8533,1.7400
272,0.2998,0.4424,0.6064,0.1652,0.2014,0.9073,1.1075
273,0.2503,0.5960,0.9257,0.1685,0.2167,1.0148,1.3926
274,0.2571,1.0579,0.3898,0.1772,0.1947,1.4921,0.8416
275,0.3052,1.0049,0.6042,0.1675,0.2145,1.4776,1.1239
276,0.2935,0.6862,0.3125,0.1653,0.1976,1.1449,0.8035
277,0.2359,0.4073,1.2579,0.1655,0.1984,0.8087,1.6923
278,0.2587,0.3255,0.7314,0.1674,0.1952,0.7516,1.1853
279,0.2914,0.2620,0.7434,0.1690,0.1938,0.7224,1.2286
280,0.2526,0.3604,0.2897,0.1634,0.2100,0.7764,0.7523
281,0.2817,0.4077,0.4039,0.1686,0.1939,0.8580,0.8795
282,0.2425,0.7128,0.2888,0.1834,0.1932,1.1388,0.7245
283,0.2983,0.3827,0.5264,0.2249,0.2939,0.9058,1.1185
284,0.2980,0.4276,0.4281,0.1697,0.1933,0.8954,0.9195
285,0.2826,0.3351,0.2888,0.1715,0.2316,0.7892,0.8029
286,0.2556,0.4649,0.4404,0.1712,0.1941,0.8917,0.8901
287,0.3276,0.2752,0.2875,0.1880,0.1986,0.7908,0.8137
288,0.2664,0.3573,0.3808,0.1981,0.2590,0.8219,0.9062
289,0.3373,0.3536,0.3547,0.1853,0.1986,0.8762,0.8905
290,0.2794,0.5461,0.4740,0.1873,0.2028,1.0127,0.9561
291,0.2977,0.6514,1.1041,0.1846,0.2140,1.1338,1.6158
292,0.2747,0.5217,0.3144,0.1718,0.2047,0.9682,0.7939
293,0.3643,0.6878,1.1836,0.1971,0.2160,1.2493,1.7640
294,0.2767,0.5588,0.7545,0.1690,0.2173,1.0045,1.2485
295,0.2597,0.4355,2.0763,0.1716,0.2003,0.8668,2.5363
296,0.2826,0.3631,0.3297,0.1985,0.1986,0.8441,0.8109
297,0.2439,0.3806,1.0423,0.1780,0.2535,0.8025,1.5397
298,0.3798,0.5078,0.3948,0.1718,0.2189,1.0594,0.9935
299,0.3564,0.6869,1.2969,0.2762,0.2897,1.3194,1.9430
300,0.3569,0.3583,0.3982,0.2620,0.2933,0.9772,1.0485
301,0.3140,1.3205,1.0420,0.2585,0.2963,1.8930,1.6524
302,0.3329,0.4600,1.0053,0.2901,0.2979,1.0831,1.6362
303,0.3446,3.2962,0.5467,0.2596,0.2917,3.9004,1.1830
304,0.3253,0.4128,1.1427,0.2610,0.2959,0.9991,1.7639
305,0.3196,0.3872,0.8418,0.2348,0.3006,0.9417,1.4620
306,0.3135,0.6246,1.5682,0.2761,0.2965,1.2142,2.1782
307,0.3550,0.6160,0.6977,0.2580,0.2886,1.2290,1.3414
308,0.3285,3.2409,0.4127,0.2564,0.2930,3.8257,1.0343
309,0.3682,0.3970,0.4124,0.2307,0.1957,0.9959,0.9763
310,0.2622,0.2912,0.4698,0.1670,0.1935,0.7203,0.9255
311,0.2963,0.6373,1.1308,0.1734,0.1962,1.1071,1.6234
312,0.2508,0.3274,0.5784,0.2069,0.1931,0.7851,1.0223
313,0.2726,0.8764,0.2889,0.1955,0.1945,1.3445,0.7560
314,0.2813,1.9569,0.6551,0.1928,0.1928,2.4310,1.1292
315,0.3179,0.5626,0.3345,0.1647,0.1993,1.0452,0.8517
316,0.2515,0.2849,0.4556,0.1692,0.1977,0.7056,0.9048
317,0.2849,0.9229,0.5367,0.2722,0.2959,1.4800,1.1176
318,0.3409,0.5165,1.3303,0.2580,0.3153,1.1155,1.9865
319,0.3291,0.8453,1.6142,0.2529,0.2721,1.4273,2.2154
320,0.3404,0.4830,0.9699,0.2703,0.2969,1.0937,1.6072
321,0.3366,0.4278,1.3940,0.2391,0.2998,1.0035,2.0303
322,0.3273,0.6343,0.8239,0.2613,0.2973,1.2229,1.4485
323,0.3618,1.0011,0.6039,0.2706,0.2892,1.6335,1.2549
324,0.3370,0.4294,1.0810,0.2561,0.2974,1.0225,1.7154
325,0.3257,1.3421,1.4904,0.2563,0.2807,1.9241,2.0968
326,0.3493,0.4109,1.1686,0.2643,0.2668,1.0244,1.7847
327,0.3193,0.7597,0.5535,0.2510,0.2887,1.3300,1.1615
328,0.3416,0.9353,0.5666,0.2683,0.3200,1.5452,1.2282
329,0.3239,1.0903,0.8279,0.2677,0.3041,1.6819,1.4559
330,0.3183,0.8203,0.6887,0.2279,0.2725,1.3666,1.2795
331,0.3455,0.9254,0.9854,0.2581,0.2961,1.5290,1.6270
332,0.3466,0.3879,0.6957,0.2358,0.2727,0.9704,1.3151
333,0.3218,0.5148,1.6074,0.2500,0.2890,1.0866,2.2182
334,0.3343,0.9895,0.6003,0.2588,0.2949,1.5827,1.2295
335,0.3774,0.3751,1.2799,0.2711,0.2972,1.0236,1.9544
336,0.3323,0.7490,0.5732,0.2552,0.2950,1.3365,1.2006
337,0.3489,0.7664,0.5444,0.2416,0.3067,1.3569,1.2000
338,0.3204,0.7700,0.5134,0.2639,0.2950,1.3544,1.1288
339,0.3694,0.5206,0.4300,0.2534,0.2838,1.1434,1.0832
340,0.3378,1.7070,0.5848,0.1738,0.1963,2.2186,1.1189
341,0.2985,0.2669,0.2845,0.1694,0.2079,0.7348,0.7910
342,0.2601,1.2656,0.9782,0.1685,0.2042,1.6942,1.4426
343,0.3164,0.8799,0.3853,0.1837,0.1952,1.3800,0.8969
344,0.2539,0.4327,0.9431,0.1690,0.1982,0.8556,1.3952
345,0.2705,0.3828,0.3626,0.1701,0.2150,0.8234,0.8481
346,0.2783,0.3967,0.8757,0.2283,0.3019,0.9033,1.4560
347,0.3303,1.0001,0.2866,0.1857,0.2029,1.5160,0.8198
348,0.2659,1.7202,0.3937,0.1906,0.1991,2.1767,0.8587
349,0.2448,0.3693,0.4727,0.1698,0.2133,0.7839,0.9308
350,0.2993,0.3649,0.2873,0.2207,0.2249,0.8850,0.8115
351,0.2424,0.2825,0.2958,0.1632,0.2181,0.6881,0.7562
352,0.2279,0.3494,0.3702,0.1872,0.2242,0.7645,0.8223
353,0.2228,0.3443,0.4682,0.1694,0.2167,0.7366,0.9077
354,0.2334,0.2580,0.2845,0.1657,0.2079,0.6570,0.7258
355,0.2160,0.9874,0.2885,0.1838,0.2583,1.3872,0.7628
356,0.2485,0.2697,0.7346,0.1722,0.1933,0.6904,1.1765
357,0.2903,1.5694,0.6506,0.1659,0.1949,2.0256,1.1358
358,0.2586,1.0976,0.4719,0.1669,0.2912,1.5232,1.0217
359,0.3008,0.2590,1.6993,0.1661,0.2080,0.7258,2.2081
360,0.2511,1.2222,1.0918,0.1716,0.2239,1.6448,1.5668
361,0.2616,0.3517,0.8780,0.1736,0.2062,0.7869,1.3458
362,0.2242,0.7961,0.2889,0.1685,0.1941,1.1888,0.7072
363,0.2401,0.5626,0.4568,0.1664,0.2102,0.9691,0.9071
364,0.2803,0.7067,0.7135,0.1764,0.1981,1.1634,1.1919
365,0.2834,0.3407,0.7019,0.1776,0.2026,0.8017,1.1879
366,0.2696,0.4002,0.2942,0.1656,0.2114,0.8354,0.7752
367,0.2859,0.4745,0.2852,0.1699,0.1938,0.9304,0.7649
368,0.2687,1.4672,0.6078,0.1752,0.1933,1.9112,1.0699
369,0.2776,0.6957,0.4828,0.1676,0.1945,1.1409,0.9549
370,0.2539,0.3215,0.3938,0.1712,0.2100,0.7465,0.8576
371,0.2718,0.7734,0.2849,0.1671,0.1987,1.2124,0.7554
372,0.2711,1.5167,0.4182,0.1712,0.1929,1.9590,0.8822
373,0.2902,0.5019,1.0117,0.1727,0.1943,0.9647,1.4962
374,0.2951,0.2923,0.6726,0.1731,0.1989,0.7605,1.1665
375,0.3001,1.7162,0.3081,0.1724,0.1981,2.1888,0.8063
376,0.3434,0.3513,0.3571,0.1872,0.1948,0.8819,0.8954
377,0.2780,0.2595,0.4624,0.1653,0.2144,0.7027,0.9547
378,0.2457,1.1637,0.7137,0.1655,0.1982,1.5749,1.1576
379,0.2225,0.2921,1.3618,0.2024,0.1936,0.7169,1.7779
380,0.2926,0.4313,0.4683,0.1675,0.2012,0.8914,0.9622
381,0.2682,0.2896,0.3228,0.1741,0.2111,0.7319,0.8021
382,0.2787,0.3376,0.6994,0.1752,0.2077,0.7915,1.1858
383,0.2734,0.9894,1.4513,0.1707,0.1975,1.4335,1.9223
384,0.2812,0.9785,0.4018,0.1846,0.2158,1.4443,0.8988
385,0.2631,0.4393,0.3008,0.1670,0.2091,0.8694,0.7729
386,0.2671,0.2805,0.4668,0.1787,0.2650,0.7263,0.9989
387,0.3026,0.7576,0.2883,0.2006,0.2116,1.2607,0.8024
388,0.2658,0.3627,0.5936,0.2568,0.3021,0.8853,1.1616
389,0.3661,0.8091,1.8947,0.1769,0.1952,1.3521,2.4560
390,0.2907,0.4641,0.9566,0.1781,0.2110,0.9329,1.4583
391,0.2775,0.2734,0.4698,0.1662,0.1989,0.7170,0.9462
392,0.2825,0.3705,0.4498,0.1816,0.1947,0.8346,0.9270
393,0.2681,0.6723,0.2937,0.1678,0.1955,1.1081,0.7573
394,0.2587,0.3540,1.3824,0.1765,0.2577,0.7892,1.8987
395,0.3707,0.5224,0.2887,0.1947,0.1973,1.0877,0.8566
396,0.2544,0.9704,1.1544,0.2823,0.3055,1.5071,1.7143
397,0.3396,0.3656,0.4473,0.2606,0.3162,0.9658,1.1032
398,0.3441,0.5721,0.3643,0.1921,0.1940,1.1083,0.9024
399,0.2849,0.5232,0.3618,0.1705,0.1942,0.9786,0.8410
400,0.2535,0.2647,0.4844,0.1708,0.1956,0.6891,0.9336
401,0.2534,0.2754,0.2973,0.1704,0.1951,0.6992,0.7458
402,0.2629,0.5176,0.5642,0.1792,0.1940,0.9596,1.0211
403,0.2815,0.6632,0.6405,0.1862,0.1945,1.1310,1.1165
404,0.2710,0.4171,0.7868,0.1692,0.2012,0.8573,1.2590
405,0.2774,0.3989,0.7367,0.2715,0.3056,0.9478,1.3196
406,0.3709,0.7651,1.8531,0.1832,0.1981,1.3192,2.4221
407,0.2907,0.2599,0.5261,0.1902,0.1940,0.7408,1.0107
408,0.3126,0.3695,0.4352,0.1742,0.1950,0.8563,0.9428
409,0.2765,0.2766,0.7263,0.1679,0.1963,0.7210,1.1992
410,0.2796,1.1023,0.4720,0.1713,0.2135,1.5531,0.9650
411,0.2753,0.6618,0.7798,0.2000,0.2006,1.1370,1.2557
412,0.2728,0.8185,0.4666,0.2492,0.2972,1.3405,1.0366
413,0.3951,0.9014,1.0993,0.2378,0.2725,1.5344,1.7669
414,0.2715,1.3205,0.2949,0.1833,0.1982,1.7753,0.7646
415,0.2501,1.0067,0.3053,0.1722,0.1984,1.4290,0.7537
416,0.2548,0.4680,0.6338,0.1840,0.1935,0.9068,1.0821
417,0.2629,0.3459,1.0733,0.1680,0.1993,0.7769,1.5355
418,0.2495,0.9388,1.4974,0.1722,0.2003,1.3605,1.9472
419,0.2777,0.5235,1.2654,0.2738,0.2980,1.0751,1.8412
420,0.3773,1.0861,1.0779,0.1825,0.2005,1.6459,1.6557
421,0.2755,0.8434,0.3033,0.1885,0.1993,1.3075,0.7781
422,0.2764,0.4389,1.0736,0.1741,0.1987,0.8893,1.5487
423,0.2847,0.3345,1.4967,0.1736,0.1989,0.7928,1.9804
424,0.2964,0.9606,0.9643,0.1804,0.1947,1.4374,1.4555
425,0.2835,0.5274,0.3627,0.1702,0.3000,0.9812,0.9463
426,0.3517,0.4181,0.4411,0.2695,0.2878,1.0392,1.0806
427,0.3602,0.4252,1.2076,0.1909,0.1942,0.9763,1.7621
428,0.2972,0.3275,0.3617,0.1701,0.2058,0.7948,0.8647
429,0.2788,0.3531,1.3778,0.1701,0.2133,0.8020,1.8699
430,0.2452,0.2622,0.6173,0.2029,0.1949,0.7103,1.0574
431,0.2485,0.2612,0.3043,0.1824,0.2005,0.6921,0.7533
432,0.3232,1.2786,1.0946,0.2478,0.3001,1.8496,1.7178
433,0.3416,1.2898,0.5655,0.2376,0.2977,1.8691,1.2049
434,0.3605,1.2237,0.8056,0.2418,0.3025,1.8260,1.4686
435,0.3624,1.6874,1.0670,0.1754,0.2147,2.2252,1.6440
436,0.2755,0.2624,1.4169,0.1806,0.1968,0.7185,1.8892
437,0.2324,0.7096,0.7421,0.1659,0.1981,1.1079,1.1726
438,0.2281,0.3506,0.2899,0.1639,0.2011,0.7425,0.7191
439,0.2149,0.2541,0.5631,0.1868,0.1983,0.6558,0.9763
440,0.2106,2.0260,0.4719,0.1686,0.1942,2.4052,0.8768
441,0.2682,2.6918,0.5550,0.1666,0.1942,3.1267,1.0175
442,0.2615,0.9032,0.2972,0.1640,0.2055,1.3287,0.7642
443,0.1993,0.5749,0.2861,0.1739,0.1940,0.9482,0.6795
444,0.2248,0.4215,1.1289,0.1789,0.1942,0.8252,1.5479
445,0.2059,0.2549,1.6042,0.1692,0.1947,0.6300,2.0049
446,0.2114,0.2624,0.7488,0.1690,0.2027,0.6427,1.1629
447,0.2071,0.6232,0.5264,0.1780,0.2010,1.0083,0.9344
448,0.2826,0.6416,0.6504,0.1843,0.1947,1.1085,1.1277
449,0.2599,0.5495,1.2594,0.2031,0.2082,1.0125,1.7275
450,0.2535,0.3293,0.8172,0.1684,0.2032,0.7512,1.2738
451,0.3121,0.5531,0.7506,0.1722,0.2330,1.0373,1.2956
452,0.2902,0.3336,0.6097,0.2058,0.1982,0.8296,1.0980
453,0.2582,0.3893,0.3970,0.1757,0.2069,0.8232,0.8621
454,0.2097,0.2644,0.6150,0.1638,0.1931,0.6379,1.0178
455,0.2210,0.6140,0.4035,0.1857,0.1931,1.0206,0.8176
456,0.2963,0.4208,1.6210,0.2573,0.2717,0.9743,2.1890
457,0.3413,0.5112,0.6650,0.2482,0.2691,1.1007,1.2755
458,0.3586,0.5133,2.3671,0.1950,0.1933,1.0669,2.9189
459,0.3056,0.4931,0.7177,0.2467,0.2724,1.0453,1.2956
460,0.3857,0.3802,0.4160,0.2609,0.2833,1.0268,1.0850
461,0.3499,0.7918,0.5396,0.2455,0.2862,1.3872,1.1757
462,0.3606,0.5127,0.5454,0.2396,0.2802,1.1129,1.1862
463,0.3677,0.3914,0.5744,0.2423,0.3016,1.0014,1.2438
464,0.3423,0.8652,0.4200,0.2505,0.2744,1.4580,1.0367
465,0.3765,0.3937,0.6509,0.2675,0.2854,1.0378,1.3128
466,0.3965,0.7038,0.4135,0.2444,0.2875,1.3447,1.0975
467,0.3727,0.5988,2.4790,0.2524,0.2815,1.2239,3.1332
468,0.3526,1.0899,0.5368,0.2786,0.2815,1.7210,1.1709
469,0.3751,0.3903,0.4201,0.2532,0.2840,1.0186,1.0791
470,0.3561,0.6785,0.5375,0.1720,0.1985,1.2066,1.0922
471,0.3460,1.3861,0.8281,0.1724,0.1951,1.9046,1.3692
472,0.2492,0.4285,0.4294,0.1790,0.1952,0.8568,0.8738
473,0.2377,0.6722,0.3757,0.1676,0.2005,1.0776,0.8139
474,0.2578,0.9720,0.3798,0.1650,0.1996,1.3949,0.8372
475,0.2615,0.3475,0.3931,0.1666,0.1938,0.7756,0.8484
476,0.2344,1.2190,0.5197,0.1678,0.1940,1.6213,0.9482
477,0.2998,0.4221,0.8505,0.1979,0.2015,0.9197,1.3518
478,0.2907,0.8669,0.3648,0.1690,0.2075,1.3265,0.8630
479,0.2615,0.6945,0.6856,0.1824,0.2014,1.1384,1.1485
480,0.2217,0.6049,0.8684,0.1817,0.1931,1.0083,1.2832
481,0.2454,0.2672,1.6633,0.1648,0.2052,0.6773,2.1139
482,0.2248,0.3486,0.6217,0.1638,0.1978,0.7372,1.0443
483,0.2305,1.0164,0.7439,0.1856,0.2682,1.4325,1.2427
484,0.3207,0.3223,2.3576,0.1991,0.1958,0.8421,2.8741
485,0.3489,0.2882,0.3681,0.1898,0.2089,0.8269,0.9259
486,0.2919,1.6784,1.4460,0.1813,0.1989,2.1516,1.9367
487,0.2842,0.6982,0.3564,0.1655,0.2160,1.1479,0.8566
488,0.2392,0.4157,0.3842,0.1630,0.1935,0.8179,0.8170
489,0.2258,0.8288,1.3854,0.1680,0.1931,1.2225,1.8043
490,0.2490,0.3650,0.6178,0.2267,0.1952,0.8408,1.0621
491,0.2812,0.2656,0.4651,0.1685,0.1949,0.7154,0.9413
492,0.2945,0.8253,0.8210,0.1823,0.1975,1.3021,1.3130
493,0.2926,0.9615,0.6035,0.1699,0.1938,1.4241,1.0899
494,0.2370,0.3688,0.5179,0.1646,0.2133,0.7703,0.9682
495,0.2272,0.6293,0.2835,0.1685,0.1942,1.0250,0.7049
496,0.2361,0.5781,0.4749,0.1644,0.1979,0.9786,0.9089
497,0.2211,0.5044,0.9712,0.1625,0.1935,0.8880,1.3858
498,0.2333,0.3450,0.2838,0.1766,0.1945,0.7550,0.7117
499,0.2436,0.8922,0.7110,0.1675,0.2119,1.3033,1.1665
500,0.2861,1.5313,1.0300,0.1724,0.1933,1.9898,1.5095
501,0.2684,0.6956,1.3331,0.1703,0.1938,1.1343,1.7953
502,0.2362,0.5955,0.2878,0.1690,0.1974,1.0006,0.7214
503,0.2238,0.4213,0.9705,0.1680,0.2089,0.8132,1.4032
504,0.2501,0.6916,0.2904,0.1629,0.1977,1.1046,0.7382
505,0.2377,0.4376,0.4510,0.1990,0.1993,0.8743,0.8879
506,0.2272,0.2573,0.3984,0.1632,0.1938,0.6476,0.8194
507,0.2244,0.6660,1.0863,0.1818,0.2501,1.0721,1.5608
508,0.2703,0.9976,0.5711,0.1711,0.1986,1.4390,1.0401
509,0.3270,0.4644,0.4745,0.1882,0.2292,0.9795,1.0307
510,0.2812,2.0639,0.4881,0.1663,0.2010,2.5114,0.9703
511,0.2145,1.1500,0.2905,0.1639,0.1977,1.5283,0.7027
512,0.2137,0.2982,0.3628,0.1756,0.2376,0.6875,0.8140
513,0.2742,1.1876,0.2989,0.1753,0.1971,1.6371,0.7702
514,0.2360,0.2888,0.6196,0.1691,0.2153,0.6938,1.0708
515,0.2065,0.3974,0.3133,0.1617,0.2041,0.7656,0.7239
516,0.2353,0.2773,0.2912,0.1722,0.2156,0.6848,0.7420
517,0.3010,1.4612,0.6071,0.1722,0.1931,1.9344,1.1013
518,0.2720,0.4462,1.0341,0.1664,0.1936,0.8846,1.4997
519,0.2722,1.2070,1.0321,0.1694,0.1984,1.6486,1.5026
520,0.2719,0.5959,0.3870,0.1699,0.1928,1.0377,0.8517
521,0.2023,0.5325,0.8780,0.1656,0.1983,0.9004,1.2786
522,0.2124,0.4385,0.7448,0.1703,0.1986,0.8212,1.1558
523,0.2390,0.2995,0.6108,0.2205,0.2128,0.7591,1.0626
524,0.2606,0.2586,0.4729,0.1699,0.2084,0.6891,0.9418
525,0.2596,0.6383,0.9744,0.1781,0.2114,1.0760,1.4455
526,0.2585,0.4292,0.6999,0.1652,0.2224,0.8528,1.1808
527,0.1957,1.1180,1.2200,0.1669,0.2086,1.4806,1.6243
528,0.2549,0.3448,1.7634,0.1657,0.1982,0.7654,2.2165
529,0.2049,1.4940,0.3692,0.1718,0.2003,1.8707,0.7743
530,0.1984,0.2608,0.5610,0.1696,0.1999,0.6288,0.9593
531,0.3308,0.6476,0.3660,0.2202,0.2492,1.1986,0.9459
532,0.3564,2.0872,0.5827,0.2479,0.2831,2.6916,1.2222
533,0.3559,0.3028,0.5843,0.1750,0.1993,0.8337,1.1396
534,0.3322,0.6198,0.5990,0.1841,0.1921,1.1361,1.1233
535,0.2887,2.5670,0.3580,0.1735,0.1977,3.0292,0.8444
536,0.2883,0.2878,0.5427,0.1789,0.2216,0.7550,1.0526
537,0.3051,0.3531,0.5443,0.1680,0.1928,0.8262,1.0422
538,0.3503,1.0009,0.3000,0.1725,0.1967,1.5238,0.8471
539,0.3088,0.8044,0.8348,0.1730,0.2160,1.2863,1.3596
540,0.2965,0.7862,0.5909,0.1655,0.2000,1.2481,1.0874
541,0.2645,0.2587,0.7134,0.1770,0.2146,0.7001,1.1925
542,0.2597,0.3645,0.5180,0.1648,0.1995,0.7890,0.9772
543,0.3041,0.4407,0.4792,0.1666,0.1984,0.9113,0.9816
544,0.2638,0.6362,1.2400,0.2019,0.2010,1.1019,1.7048
545,0.2652,0.9721,1.2081,0.2295,0.2926,1.4668,1.7659
546,0.3443,0.4165,0.9012,0.1727,0.2232,0.9336,1.4687
547,0.3686,0.4301,0.4665,0.1734,0.1947,0.9722,1.0298
548,0.2745,0.5834,0.5493,0.1697,0.1938,1.0276,1.0176
549,0.2104,1.1524,0.6250,0.1655,0.2044,1.5283,1.0398
550,0.3273,1.4411,1.7074,0.1690,0.1989,1.9374,2.2336
551,0.2622,0.2613,0.2964,0.1779,0.1931,0.7013,0.7516
552,0.2389,1.4139,1.1095,0.1719,0.2587,1.8247,1.6071
553,0.3852,0.3608,0.7782,0.1778,0.1967,0.9239,1.3601
554,0.2719,0.5241,0.3529,0.1685,0.2200,0.9645,0.8449
555,0.2364,1.2395,1.3214,0.1687,0.1938,1.6446,1.7515
556,0.2685,0.7028,0.4118,0.1735,0.1940,1.1449,0.8743
557,0.3035,0.6983,0.4599,0.1687,0.2038,1.1704,0.9672
558,0.2534,0.2734,0.4818,0.1702,0.2035,0.6970,0.9387
559,0.2180,1.3412,0.6048,0.1716,0.2091,1.7308,1.0319
560,0.3317,1.0156,0.7696,0.1972,0.2223,1.5445,1.3236
561,0.3041,0.9726,0.3765,0.1714,0.2405,1.4481,0.9211
562,0.3612,0.3116,0.9703,0.1669,0.1972,0.8397,1.5287
563,0.2821,0.3502,0.6125,0.1729,0.2005,0.8053,1.0951
564,0.2378,1.4773,0.4433,0.1771,0.1931,1.8922,0.8742
565,0.2244,0.3341,0.7587,0.2058,0.2095,0.7643,1.1925
566,0.2842,0.2717,0.3966,0.1937,0.1979,0.7497,0.8787
567,0.2164,0.9123,0.3727,0.2158,0.1993,1.3445,0.7884
568,0.2765,0.4067,0.2951,0.1676,0.2180,0.8507,0.7896
569,0.2883,1.1213,0.4313,0.1861,0.2056,1.5957,0.9251
570,0.2826,0.7470,0.2885,0.1819,0.1979,1.2116,0.7691
571,0.2244,1.0532,0.2905,0.1812,0.2158,1.4588,0.7306
572,0.2231,0.2747,0.2980,0.1678,0.2005,0.6656,0.7216
573,0.2014,0.3509,2.7345,0.1919,0.2102,0.7442,3.1462
574,0.2629,0.8980,0.2955,0.1774,0.1970,1.3383,0.7554
575,0.2492,0.3984,0.3650,0.1678,0.1981,0.8154,0.8123
576,0.2663,0.5653,0.3977,0.1848,0.2265,1.0164,0.8905
577,0.2722,0.5315,0.7420,0.1676,0.1979,0.9713,1.2121
578,0.2773,0.8180,0.3066,0.1806,0.2149,1.2758,0.7988
579,0.2589,0.8843,0.5685,0.1775,0.1977,1.3207,1.0251
580,0.2270,0.2530,0.4688,0.1634,0.2348,0.6435,0.9306
581,0.3127,0.5604,0.8982,0.1706,0.2010,1.0437,1.4119
582,0.2612,0.2909,0.3621,0.1652,0.1942,0.7174,0.8175
583,0.2847,0.5853,0.8357,0.2055,0.2195,1.0755,1.3399
584,0.2768,0.3671,0.4814,0.1671,0.1942,0.8109,0.9523
585,0.2863,0.4450,1.7103,0.1760,0.2104,0.9074,2.2070
586,0.2951,0.2743,0.4523,0.2400,0.2764,0.8094,1.0238
587,0.2868,0.3340,0.4643,0.1698,0.2142,0.7906,0.9654
588,0.2516,0.2776,0.4171,0.1680,0.1942,0.6972,0.8629
589,0.2251,0.3584,0.7540,0.2602,0.1990,0.8436,1.1781
590,0.3084,0.5389,2.3074,0.1715,0.2084,1.0188,2.8242
591,0.2873,1.1459,0.9834,0.1698,0.1947,1.6030,1.4654
592,0.3280,0.6641,0.5597,0.2616,0.2998,1.2537,1.1875
593,0.3422,1.0664,1.6643,0.1727,0.2063,1.5813,2.2128
594,0.2624,0.5282,2.9154,0.1762,0.2050,0.9669,3.3829
595,0.2606,0.7949,0.9336,0.2064,0.2180,1.2620,1.4122
596,0.2837,0.2601,0.9907,0.1642,0.2028,0.7079,1.4772
597,0.2532,0.2691,0.3003,0.1633,0.1974,0.6856,0.7509
598,0.2149,0.4379,0.7168,0.1765,0.1941,0.8292,1.1257
599,0.3028,1.4176,0.4518,0.2436,0.2712,1.9639,1.0257
600,0.2863,0.4919,0.3626,0.1757,0.2136,0.9540,0.8625
601,0.2225,0.5479,0.7372,0.1823,0.2014,0.9526,1.1611
602,0.2173,0.2578,0.6308,0.1714,0.1980,0.6465,1.0461
603,0.2176,0.4828,0.8095,0.1678,0.1977,0.8682,1.2248
604,0.2858,0.9203,0.6156,0.1706,0.2015,1.3768,1.1029
605,0.2545,0.5392,1.3785,0.1773,0.2031,0.9710,1.8360
606,0.2186,0.3704,0.8145,0.2158,0.2160,0.8048,1.2490
607,0.2875,0.5141,1.0521,0.1800,0.2302,0.9816,1.5699
608,0.3424,0.8756,0.3192,0.1904,0.2130,1.4084,0.8747
609,0.2607,0.5306,0.4408,0.1692,0.2178,0.9605,0.9193
610,0.2237,0.8905,0.4538,0.1692,0.2205,1.2834,0.8980
611,0.2395,0.2566,0.2878,0.1768,0.1981,0.6729,0.7254
612,0.2175,0.2530,0.3898,0.1676,0.1974,0.6381,0.8047
613,0.2056,0.2888,0.3575,0.1796,0.1981,0.6741,0.7613
614,0.2687,0.3526,0.4208,0.1753,0.1937,0.7966,0.8832
615,0.2327,1.4001,0.3750,0.1791,0.2355,1.8119,0.8433
616,0.2595,0.3529,0.4852,0.1657,0.1933,0.7781,0.9380
617,0.2780,0.9823,0.6479,0.1724,0.2104,1.4326,1.1362
618,0.3003,0.4056,0.2983,0.1648,0.1944,0.8708,0.7930
619,0.2695,1.7180,0.2912,0.1752,0.2073,2.1627,0.7680
620,0.2277,0.2540,0.3676,0.1739,0.1922,0.6556,0.7875
621,0.2016,0.6056,0.4628,0.1739,0.1938,0.9811,0.8582
622,0.2298,0.2868,0.4029,0.1694,0.2012,0.6860,0.8339
623,0.2621,0.3469,0.8326,0.1713,0.1974,0.7803,1.2921
624,0.2725,0.2602,0.4368,0.1775,0.2211,0.7103,0.9304
625,0.2999,0.5313,0.2854,0.1734,0.2195,1.0046,0.8048
626,0.3347,1.3731,0.7101,0.1882,0.2047,1.8960,1.2495
627,0.3019,0.4514,0.4657,0.1730,0.1982,0.9264,0.9658
628,0.2610,0.2725,0.5971,0.1793,0.2279,0.7128,1.0860
629,0.2515,0.5299,0.4450,0.1849,0.1985,0.9663,0.8949
630,0.2568,0.2641,0.8787,0.1659,0.2058,0.6868,1.3413
631,0.2701,0.3802,0.4879,0.1894,0.1976,0.8397,0.9555
632,0.2523,0.4730,0.5763,0.1698,0.2172,0.8951,1.0459
633,0.2750,0.9795,1.7537,0.2168,0.2307,1.4714,2.2594
634,0.3325,0.8483,0.6466,0.1917,0.2121,1.3724,1.1912
635,0.2912,0.4800,1.0016,0.1854,0.1926,0.9565,1.4854
636,0.2757,0.5167,1.8342,0.1877,0.1931,0.9802,2.3030
637,0.3008,0.8991,0.3133,0.1814,0.2031,1.3813,0.8172
638,0.2979,0.2580,1.1148,0.1843,0.2089,0.7402,1.6216
639,0.3293,1.2780,0.6381,0.1678,0.1976,1.7751,1.1651
640,0.3000,0.4113,0.4675,0.1839,0.1943,0.8953,0.9619
641,0.3101,0.3723,0.4308,0.1671,0.2366,0.8494,0.9775
642,0.2786,1.5369,0.2868,0.1847,0.1976,2.0002,0.7630
643,0.2521,0.5799,0.3932,0.1685,0.1976,1.0004,0.8429
644,0.2439,0.6660,0.2885,0.2002,0.2131,1.1101,0.7455
645,0.2587,0.9716,0.3742,0.1752,0.1931,1.4055,0.8260
646,0.2582,0.5231,1.9018,0.1653,0.1940,0.9466,2.3540
647,0.2432,0.5984,0.3607,0.1759,0.2012,1.0174,0.8051
648,0.2274,0.4575,0.8622,0.1942,0.2325,0.8791,1.3222
649,0.2977,0.6132,0.4819,0.1798,0.2107,1.0907,0.9903
650,0.2722,0.4376,0.7740,0.1691,0.2206,0.8789,1.2667
651,0.2434,0.5505,0.7021,0.1702,0.2132,0.9642,1.1587
652,0.2364,0.3306,0.5507,0.1700,0.1978,0.7369,0.9849
653,0.2406,0.2697,0.2880,0.1651,0.2172,0.6754,0.7458
654,0.2645,0.2568,0.2886,0.1697,0.2302,0.6910,0.7833
655,0.2573,0.9357,0.3907,0.1734,0.1941,1.3664,0.8421
656,0.2407,1.7655,0.4538,0.1681,0.2480,2.1744,0.9426
657,0.2906,0.9989,0.7069,0.1741,0.2002,1.4636,1.1977
658,0.3020,0.5927,0.4891,0.1710,0.1989,1.0656,0.9900
659,0.2659,0.2755,2.1929,0.1707,0.1974,0.7121,2.6561
660,0.2840,0.4978,0.9062,0.1817,0.2018,0.9635,1.3919
661,0.2770,0.4191,0.3557,0.1696,0.1939,0.8657,0.8266
662,0.2479,0.4908,0.3768,0.1693,0.2701,0.9080,0.8948
663,0.2840,0.3527,0.4174,0.1685,0.1976,0.8051,0.8990
664,0.2452,0.7963,0.6690,0.2140,0.3005,1.2555,1.2147
665,0.2870,0.7059,0.5430,0.1790,0.2219,1.1720,1.0519
666,0.2837,0.2658,0.4148,0.1673,0.1936,0.7168,0.8921
667,0.2940,0.4227,0.2912,0.1856,0.2128,0.9022,0.7980
668,0.2724,0.4410,0.2974,0.1703,0.1931,0.8838,0.7629
669,0.2982,0.4664,0.6843,0.1709,0.1940,0.9355,1.1766
670,0.3212,0.4777,0.8608,0.1986,0.1935,0.9976,1.3754
671,0.2959,0.7595,0.9158,0.1926,0.1972,1.2481,1.4089
672,0.3049,0.6864,0.6610,0.2168,0.1954,1.2082,1.1613
673,0.3058,0.9039,0.5414,0.1721,0.1939,1.3817,1.0411
674,0.3108,0.3602,0.4083,0.1683,0.1951,0.8392,0.9142
675,0.3137,0.5500,0.5915,0.1722,0.1998,1.0359,1.1051
676,0.2831,1.4044,0.3834,0.1687,0.2095,1.8562,0.8760
677,0.2772,1.3286,0.3985,0.1728,0.1940,1.7786,0.8697
678,0.3050,0.2578,0.6304,0.1970,0.1985,0.7597,1.1339
679,0.2759,0.4572,1.7163,0.1907,0.2054,0.9238,2.1975
680,0.2821,0.2703,0.2912,0.1666,0.1940,0.7189,0.7673
681,0.3051,0.2679,0.6164,0.1669,0.1928,0.7400,1.1143
682,0.2889,1.4276,0.2987,0.1681,0.1949,1.8846,0.7825
683,0.2972,0.6763,0.2913,0.1709,0.2242,1.1444,0.8126
684,0.3002,0.9123,0.2866,0.1680,0.1984,1.3806,0.7853
685,0.2960,0.2627,1.0846,0.1733,0.2082,0.7320,1.5887
686,0.2845,1.5980,0.3669,0.1672,0.1941,2.0497,0.8455
687,0.3133,1.3253,0.3835,0.2330,0.2611,1.8716,0.9579
688,0.3707,0.5169,0.3169,0.1884,0.2130,1.0760,0.9006
689,0.2856,0.7840,0.6837,0.1855,0.1991,1.2551,1.1685
690,0.3231,0.6873,0.3489,0.1710,0.2000,1.1814,0.8719
691,0.2847,0.3639,0.4640,0.1695,0.2080,0.8181,0.9566
692,0.3083,0.6644,0.4427,0.1708,0.2153,1.1436,0.9664
693,0.2937,0.4621,0.8178,0.1901,0.1952,0.9458,1.3067
694,0.2838,0.7642,0.4650,0.1857,0.1940,1.2337,0.9428
695,0.2827,0.2984,0.5196,0.1785,0.1980,0.7596,1.0003
696,0.3185,0.4654,0.3750,0.1686,0.1942,0.9526,0.8878
697,0.3207,0.6246,0.9799,0.2005,0.2140,1.1458,1.5146
698,0.2835,0.4956,1.6062,0.1993,0.1947,0.9784,2.0844
699,0.2859,0.3607,0.4004,0.2195,0.2033,0.8661,0.8897
700,0.3396,0.7868,0.7016,0.1833,0.1945,1.3096,1.2357
701,0.3102,0.3733,0.7128,0.2022,0.1935,0.8857,1.2166
702,0.3065,0.2854,0.6256,0.1894,0.2190,0.7812,1.1510
703,0.2588,1.1342,0.7128,0.2153,0.2513,1.6083,1.2228
704,0.3503,0.4527,0.3450,0.1781,0.2057,0.9811,0.9010
705,0.2732,0.2993,0.5210,0.1736,0.2191,0.7462,1.0134
706,0.2677,0.3700,0.3056,0.2161,0.1963,0.8538,0.7695
707,0.2968,0.3531,0.7931,0.1771,0.2093,0.8269,1.2991
708,0.3000,0.4792,0.5540,0.2297,0.2267,1.0088,1.0806
709,0.3561,0.2678,1.0349,0.1850,0.2035,0.8089,1.5945
710,0.2871,0.3542,0.4299,0.1725,0.2005,0.8138,0.9175
711,0.2657,0.3075,1.5640,0.1919,0.1990,0.7651,2.0288
712,0.2769,0.4874,1.5473,0.1896,0.2754,0.9538,2.0996
713,0.2937,1.2360,0.8014,0.1993,0.2511,1.7291,1.3462
714,0.2960,0.3419,0.5021,0.1815,0.2102,0.8193,1.0083
715,0.2773,0.5421,0.4179,0.1756,0.1952,0.9950,0.8903
716,0.2856,0.7299,0.3349,0.1714,0.1978,1.1869,0.8183
717,0.2840,0.6938,1.0870,0.1718,0.2114,1.1496,1.5825
718,0.2783,0.3531,0.4480,0.1762,0.1991,0.8077,0.9255
719,0.2935,0.9281,0.3676,0.1714,0.2099,1.3931,0.8710
720,0.3154,0.4739,0.8554,0.1724,0.2238,0.9617,1.3946
721,0.2747,0.2662,0.5876,0.1734,0.2005,0.7144,1.0629
722,0.2887,0.4970,0.5901,0.1665,0.1983,0.9522,1.0771
723,0.3193,0.3838,0.4790,0.1833,0.1998,0.8864,0.9981
724,0.2696,0.6305,0.5400,0.1699,0.2406,1.0699,1.0501
725,0.2763,0.2863,0.7626,0.1757,0.1995,0.7383,1.2384
726,0.2185,0.8498,1.3600,0.1839,0.2255,1.2522,1.8040
727,0.2376,0.4635,1.0670,0.1688,0.1975,0.8700,1.5021
728,0.2140,0.3434,0.6321,0.1957,0.2272,0.7530,1.0733
729,0.2503,0.4139,0.3241,0.1765,0.2155,0.8406,0.7898
730,0.2741,0.3389,1.3693,0.2091,0.1977,0.8221,1.8411
731,0.3338,0.6406,2.7112,0.2750,0.2663,1.2494,3.3113
732,0.3386,0.3846,0.8089,0.2515,0.2888,0.9747,1.4363
733,0.3332,1.7316,0.5593,0.2359,0.2980,2.3006,1.1904
734,0.3291,1.3648,0.4273,0.2408,0.2923,1.9347,1.0488
735,0.3294,0.7562,1.9876,0.2542,0.2960,1.3398,2.6130
736,0.3418,1.0378,0.5817,0.2690,0.3060,1.6486,1.2296
737,0.3357,0.6271,0.9601,0.2541,0.3049,1.2168,1.6006
738,0.3226,0.5196,0.7862,0.2840,0.3023,1.1263,1.4111
739,0.3501,0.3631,1.0987,0.2596,0.3053,0.9728,1.7541
740,0.3317,0.6483,0.6783,0.2684,0.2973,1.2484,1.3073
741,0.3358,1.4221,0.5292,0.2760,0.2965,2.0339,1.1615
742,0.3401,0.3985,0.4185,0.2728,0.2998,1.0114,1.0584
743,0.3283,3.1475,0.3106,0.1714,0.1979,3.6472,0.8368
744,0.3566,0.6699,1.1709,0.2712,0.2711,1.2976,1.7986
745,0.3369,1.4863,0.7124,0.2597,0.2958,2.0830,1.3451
746,0.3325,1.0537,0.3918,0.2570,0.2892,1.6432,1.0135
747,0.3390,0.5240,0.5369,0.2570,0.2812,1.1200,1.1572
748,0.3197,0.4174,0.6351,0.2668,0.2913,1.0040,1.2462
749,0.3276,0.3777,2.9635,0.2657,0.2072,0.9709,3.4982
750,0.2718,0.5491,0.3630,0.1680,0.1985,0.9890,0.8333
751,0.2629,0.2849,0.2877,0.1726,0.1938,0.7204,0.7444
752,0.2807,0.5143,1.2061,0.1823,0.2248,0.9773,1.7116
753,0.2675,1.5591,0.3125,0.2394,0.2011,2.0660,0.7811
754,0.2668,1.4023,0.6467,0.1718,0.2133,1.8410,1.1269
755,0.3203,0.4397,0.5692,0.1671,0.1926,0.9271,1.0821
756,0.2726,0.2553,0.5918,0.2104,0.2357,0.7383,1.1001
757,0.3343,0.7658,0.4370,0.1884,0.1976,1.2885,0.9689
758,0.2996,0.5214,0.3026,0.1684,0.2038,0.9894,0.8061
759,0.3422,0.4606,0.4725,0.1963,0.1972,0.9991,1.0118
760,0.3674,0.4506,0.2912,0.1745,0.1952,0.9925,0.8537
761,0.2834,0.2622,0.2946,0.1928,0.1947,0.7384,0.7727
762,0.3259,0.6581,0.7554,0.1737,0.2005,1.1577,1.2818
763,0.3366,0.9139,1.9207,0.1875,0.1940,1.4380,2.4514
764,0.3083,0.4398,0.4497,0.1683,0.2172,0.9165,0.9751
765,0.2883,0.4306,0.3048,0.1688,0.1928,0.8877,0.7859
766,0.2958,0.4283,0.7571,0.1687,0.1938,0.8929,1.2467
767,0.3174,1.2174,0.4870,0.2408,0.2089,1.7756,1.0134
768,0.2890,0.3575,0.3015,0.1696,0.1945,0.8161,0.7850
769,0.2998,0.4296,0.4946,0.2354,0.3035,0.9648,1.0978
770,0.3730,0.5261,0.4758,0.2568,0.2793,1.1559,1.1281
771,0.4109,0.8012,2.3567,0.2432,0.2769,1.4552,3.0444
772,0.3646,0.8836,0.6925,0.2585,0.2683,1.5067,1.3254
773,0.3673,0.9334,0.7528,0.2659,0.2746,1.5665,1.3947
774,0.3873,0.3821,0.4014,0.2457,0.2719,1.0152,1.0607
775,0.3603,0.7240,0.3842,0.1956,0.1943,1.2799,0.9389
776,0.2898,0.5319,0.7789,0.2448,0.2154,1.0665,1.2841
777,0.2984,0.7543,0.3952,0.1685,0.1986,1.2212,0.8922
778,0.3022,1.0147,0.5530,0.1703,0.2164,1.4872,1.0716
779,0.2710,0.2750,0.3657,0.1681,0.2371,0.7141,0.8738
780,0.3578,0.6667,0.7453,0.1703,0.1954,1.1948,1.2985
781,0.3158,0.3857,0.9134,0.2133,0.2181,0.9148,1.4473
782,0.3316,0.3712,1.8800,0.2220,0.2054,0.9248,2.4170
783,0.2816,0.5890,0.9603,0.1760,0.1984,1.0466,1.4402
784,0.3049,0.2687,0.3024,0.1719,0.2591,0.7455,0.8664
785,0.2915,0.5206,0.5097,0.1916,0.2620,1.0037,1.0632
786,0.3102,0.6088,0.3833,0.2293,0.2987,1.1483,0.9921
787,0.3045,1.8896,0.4099,0.2565,0.2673,2.4506,0.9818
788,0.3464,1.3464,0.3929,0.1723,0.2772,1.8652,1.0165
789,0.3123,0.5913,0.3685,0.2295,0.3051,1.1331,0.9860
790,0.3450,1.0822,0.4075,0.1693,0.2108,1.5965,0.9633
791,0.3146,0.3564,0.7668,0.1715,0.2313,0.8425,1.3126
792,0.3707,1.6799,1.6772,0.1725,0.2415,2.2231,2.2894
793,0.2921,0.2654,0.7133,0.1748,0.2369,0.7323,1.2423
794,0.3623,0.4570,1.7166,0.2431,0.2848,1.0624,2.3637
795,0.3018,0.5266,0.5886,0.2287,0.2561,1.0571,1.1465
796,0.2949,0.8460,0.5765,0.2556,0.2878,1.3965,1.1592
797,0.3904,0.3859,0.7209,0.2607,0.2849,1.0371,1.3962
798,0.4074,0.4869,0.9543,0.2230,0.2533,1.1173,1.6149
799,0.3707,0.5715,0.6959,0.2310,0.2734,1.1732,1.3399
800,0.3561,0.4055,0.9158,0.2248,0.3270,0.9864,1.5989
801,0.2944,0.6763,1.7674,0.1736,0.1945,1.1442,2.2563
802,0.3147,0.4229,0.3828,0.1893,0.1968,0.9269,0.8942
803,0.2743,0.7783,0.8933,0.1785,0.1952,1.2311,1.3629
804,0.3510,0.3381,0.3411,0.1912,0.2547,0.8803,0.9468
805,0.3853,0.4675,0.3686,0.2606,0.2718,1.1134,1.0257
806,0.3699,1.5693,0.9310,0.2396,0.2931,2.1788,1.5940
807,0.3174,0.6357,0.7500,0.2563,0.2686,1.2094,1.3360
808,0.2880,0.3628,0.9873,0.2592,0.2764,0.9101,1.5517
809,0.3575,0.7244,1.0436,0.2687,0.2886,1.3507,1.6898
810,0.3732,0.5794,0.5396,0.2506,0.2749,1.2031,1.1877
811,0.3969,0.9654,1.4756,0.2498,0.2903,1.6122,2.1628
812,0.3861,1.0903,1.3784,0.2687,0.3167,1.7451,2.0812
813,0.3449,0.4299,1.5155,0.2459,0.3135,1.0207,2.1740
814,0.3525,1.2621,2.3465,0.2700,0.3230,1.8846,3.0219
815,0.3523,0.8007,0.9988,0.1736,0.2024,1.3266,1.5535
816,0.3032,0.2668,0.3946,0.1880,0.1960,0.7580,0.8938
817,0.2653,0.5246,1.8436,0.1870,0.2352,0.9769,2.3441
818,0.3183,1.3866,0.5320,0.2295,0.1952,1.9344,1.0455
819,0.2902,0.5193,0.2870,0.1731,0.1949,0.9825,0.7721
820,0.2649,0.5157,0.3098,0.1690,0.1938,0.9495,0.7685
821,0.2483,0.9552,0.9577,0.1862,0.2002,1.3898,1.4063
822,0.2549,0.8165,0.7124,0.1738,0.1938,1.2451,1.1610
823,0.2637,0.7131,1.3532,0.1718,0.2081,1.1486,1.8249
824,0.2673,0.5112,0.4120,0.1729,0.2164,0.9513,0.8957
825,0.2726,3.3211,0.6030,0.1686,0.2004,3.7623,1.0760
826,0.2959,0.6102,2.6672,0.1817,0.1947,1.0878,3.1578
827,0.2640,0.3523,0.6566,0.1706,0.1940,0.7868,1.1146
828,0.2849,0.6925,0.5032,0.1755,0.1951,1.1529,0.9831
829,0.2839,0.3775,0.4051,0.1928,0.1994,0.8541,0.8884
830,0.2743,0.3534,0.7794,0.1959,0.1947,0.8237,1.2484
831,0.2645,0.7109,0.2945,0.1670,0.2217,1.1424,0.7808
832,0.2601,0.5399,0.5429,0.1680,0.2029,0.9680,1.0060
833,0.2761,0.6908,0.2918,0.1671,0.1990,1.1340,0.7669
834,0.2530,0.4977,0.6456,0.1716,0.1940,0.9223,1.0927
835,0.2739,1.1978,0.3677,0.1705,0.1962,1.6422,0.8378
836,0.2673,0.7077,0.4666,0.1674,0.1987,1.1423,0.9326
837,0.2479,0.3554,0.5375,0.1669,0.1944,0.7701,0.9798
838,0.2282,0.4176,0.4326,0.1657,0.2089,0.8116,0.8697
839,0.2192,0.3282,2.9258,0.2937,0.3121,0.8411,3.4571
840,0.3904,0.5003,1.5468,0.2613,0.2873,1.1521,2.2245
841,0.3913,0.7535,1.1791,0.1712,0.2036,1.3160,1.7740
842,0.3049,0.3503,0.4557,0.1875,0.2320,0.8427,0.9925
843,0.3091,2.1058,0.9199,0.1817,0.2511,2.5966,1.4801
844,0.3127,0.2758,0.3176,0.1724,0.2014,0.7609,0.8317
845,0.3751,0.4558,0.3795,0.1764,0.2099,1.0074,0.9646
846,0.3229,0.4359,0.6464,0.2020,0.2042,0.9607,1.1735
847,0.2991,0.9450,0.3137,0.1771,0.1966,1.4211,0.8093
848,0.3649,0.6037,0.7539,0.2282,0.2385,1.1968,1.3574
849,0.2981,0.4254,0.3234,0.1918,0.1952,0.9153,0.8168
850,0.2993,1.1709,0.4838,0.1756,0.2117,1.6459,0.9948
851,0.3012,0.5388,0.2868,0.1917,0.2000,1.0317,0.7881
852,0.2811,0.3744,1.7743,0.2317,0.2597,0.8872,2.3151
853,0.3185,0.6278,0.3958,0.1702,0.1946,1.1166,0.9089
854,0.2778,0.9399,0.3666,0.1673,0.2137,1.3850,0.8581
855,0.2873,0.5018,0.5780,0.1819,0.2034,0.9710,1.0687
856,0.2849,2.2515,0.4565,0.1683,0.1991,2.7048,0.9406
857,0.3008,0.3095,0.4547,0.1705,0.2134,0.7808,0.9689
858,0.2944,0.4284,0.5691,0.1715,0.1961,0.8942,1.0596
859,0.2998,0.2687,0.5742,0.1699,0.1998,0.7383,1.0738
860,0.3091,0.2763,1.2405,0.1775,0.1962,0.7630,1.7458
861,0.3008,0.2675,0.8304,0.1960,0.1952,0.7643,1.3265
862,0.2960,0.6718,0.2869,0.1720,0.2012,1.1397,0.7840
863,0.3025,0.3538,1.4916,0.1745,0.1986,0.8309,1.9927
864,0.2930,0.3668,0.6919,0.1908,0.1943,0.8506,1.1792
865,0.2910,1.2731,1.6419,0.1781,0.2100,1.7422,2.1429
866,0.2925,0.2717,0.5458,0.1676,0.1995,0.7317,1.0377
867,0.3197,0.9828,0.7854,0.1717,0.2000,1.4743,1.3052
868,0.3091,0.5268,0.2880,0.1778,0.2214,1.0138,0.8186
869,0.3102,1.0320,1.6320,0.1752,0.1938,1.5175,2.1360
870,0.3106,0.2607,0.5032,0.1874,0.1953,0.7587,1.0091
871,0.2803,0.6551,0.3813,0.1676,0.2116,1.1029,0.8732
872,0.2786,0.6044,1.1282,0.1684,0.1990,1.0514,1.6057
873,0.3160,0.3723,0.2916,0.1723,0.2109,0.8606,0.8186
874,0.2926,0.2631,0.4837,0.1680,0.1950,0.7237,0.9713
875,0.3339,0.3337,0.7817,0.1689,0.2047,0.8364,1.3203
876,0.3372,0.4405,0.8057,0.1684,0.1942,0.9461,1.3372
877,0.2952,0.2613,0.6476,0.1872,0.1955,0.7437,1.1383
878,0.2563,0.7114,1.8446,0.1727,0.1960,1.1404,2.2969
879,0.3032,0.2620,0.4651,0.1952,0.1933,0.7604,0.9617
880,0.2685,1.1922,0.3575,0.1724,0.1982,1.6331,0.8241
881,0.3007,0.3372,0.5448,0.1706,0.1925,0.8086,1.0380
882,0.3027,0.8622,0.4470,0.1799,0.1938,1.3448,0.9435
883,0.3151,0.3758,1.2690,0.1741,0.2120,0.8649,1.7961
884,0.3404,1.1523,1.0068,0.1732,0.2070,1.6660,1.5542
885,0.2932,0.3395,0.5198,0.1730,0.1972,0.8057,1.0101
886,0.3155,1.0201,0.2969,0.1694,0.1939,1.5050,0.8063
887,0.2858,0.4398,0.3176,1.8181,0.2190,2.5437,0.8225
888,0.2992,1.1949,0.4622,0.1701,0.2132,1.6641,0.9746
889,0.3448,0.4278,0.2859,0.1845,0.2114,0.9570,0.8421
890,0.2738,0.9187,0.3183,0.1813,0.2095,1.3738,0.8016
891,0.2989,0.4435,0.5389,0.1833,0.1988,0.9258,1.0366
892,0.3074,0.2808,0.4913,0.1676,0.1938,0.7558,0.9925
893,0.2883,0.2937,0.3088,0.1909,0.1962,0.7729,0.7933
894,0.2880,2.2101,0.6906,0.1912,0.1961,2.6892,1.1747
895,0.3090,0.4725,0.8784,0.1796,0.1954,0.9612,1.3828
896,0.3009,0.2965,1.6509,0.2993,0.3169,0.8967,2.2686
897,0.3906,0.7140,0.9707,0.2434,0.2813,1.3480,1.6426
898,0.3102,0.2893,0.5163,0.1713,0.1967,0.7707,1.0231
899,0.2761,0.7036,1.1771,0.1726,0.1938,1.1523,1.6470
900,0.3069,0.2599,0.9774,0.1702,0.1971,0.7369,1.4814
901,0.2863,0.5704,0.9533,0.1713,0.2063,1.0281,1.4460
902,0.2869,0.7545,0.3710,0.1681,0.2099,1.2095,0.8678
903,0.2873,0.6717,0.6595,0.2878,0.3088,1.2468,1.2555
904,0.3870,1.6864,0.5267,0.2065,0.1954,2.2798,1.1091
905,0.2999,0.4125,1.0663,0.1714,0.1970,0.8838,1.5632
906,0.2743,0.7615,0.2912,0.1713,0.2168,1.2070,0.7824
907,0.3176,0.4416,0.6669,0.1666,0.1984,0.9258,1.1830
908,0.2812,0.4038,0.9540,0.1724,0.2411,0.8573,1.4762
909,0.2793,0.2594,0.6359,0.1664,0.1984,0.7051,1.1137
910,0.2520,0.6916,0.6015,0.2163,0.2068,1.1599,1.0603
911,0.3030,0.3396,0.4503,0.1945,0.1974,0.8372,0.9507
912,0.2789,1.1346,0.9314,0.1831,0.2120,1.5966,1.4223
913,0.2787,0.6882,2.2500,0.1700,0.1984,1.1369,2.7270
914,0.2907,0.2664,0.2892,0.1840,0.1945,0.7411,0.7743
915,0.3349,1.0931,0.5632,0.1694,0.2005,1.5973,1.0987
916,0.2986,0.4934,0.3818,0.1745,0.1935,0.9665,0.8739
917,0.2640,0.6553,0.6698,0.2690,0.2239,1.1883,1.1577
918,0.3793,1.7462,0.4255,0.2603,0.2758,2.3859,1.0806
919,0.3517,0.2717,1.0679,0.1676,0.2051,0.7910,1.6248
920,0.2466,1.1351,1.0660,0.1645,0.2156,1.5463,1.5283
921,0.2204,0.3751,1.3369,0.1792,0.1947,0.7747,1.7521
922,0.3431,0.3555,0.2844,0.1656,0.2077,0.8642,0.8352
923,0.2449,0.6346,0.2919,0.1632,0.1938,1.0428,0.7306
924,0.1986,0.7689,1.0692,0.1705,0.2172,1.1380,1.4850
925,0.3522,1.0551,0.7247,0.2415,0.2692,1.6488,1.3462
926,0.3646,1.2100,1.3185,0.1690,0.2048,1.7436,1.8879
927,0.2747,0.8506,0.9978,0.1696,0.2072,1.2949,1.4797
928,0.2234,0.3287,0.8254,0.1676,0.1950,0.7198,1.2438
929,0.2719,0.6806,0.3090,0.1722,0.2149,1.1248,0.7959
930,0.2751,0.8867,0.3015,0.1728,0.2036,1.3346,0.7802
931,0.2569,0.3949,0.5106,0.1761,0.2083,0.8280,0.9758
932,0.2840,0.4435,0.2857,0.1699,0.1924,0.8974,0.7620
933,0.3584,1.0407,0.4450,0.2386,0.2997,1.6377,1.1031
934,0.3821,0.3804,0.4303,0.2334,0.3049,0.9960,1.1173
935,0.2755,0.6992,0.2926,0.1730,0.1977,1.1477,0.7658
936,0.2072,0.3522,0.9252,0.1875,0.2825,0.7470,1.4149
937,0.2787,0.2686,0.3593,0.1924,0.1991,0.7397,0.8371
938,0.2382,0.6103,0.4544,0.1635,0.2099,1.0120,0.9025
939,0.2075,0.2640,0.6689,0.1632,0.2005,0.6348,1.0769
940,0.2177,1.3238,2.6087,0.2561,0.2949,1.7976,3.1213
941,0.3575,0.9751,1.1331,0.1726,0.1964,1.5052,1.6871
942,0.2717,0.5166,0.3907,0.1671,0.2054,0.9554,0.8677
943,0.2450,0.3299,0.3353,0.1829,0.1973,0.7578,0.7776
944,0.2480,0.3523,0.8180,0.1766,0.2028,0.7770,1.2688
945,0.2035,0.4344,0.2902,0.1626,0.1970,0.8005,0.6907
946,0.2119,0.2520,0.8649,0.1706,0.1938,0.6345,1.2706
947,0.1984,2.1023,0.8638,0.1726,0.2126,2.4733,1.2749
948,0.2696,3.0535,0.6866,0.1886,0.1938,3.5118,1.1500
949,0.3298,0.5205,0.6690,0.1671,0.1935,1.0173,1.1923
950,0.2724,0.4615,0.2872,0.1842,0.1947,0.9181,0.7543
951,0.2551,0.6850,1.1091,0.2311,0.2478,1.1712,1.6120
952,0.2773,0.2777,0.2873,0.1829,0.1979,0.7378,0.7624
953,0.2738,0.4458,1.9836,0.1750,0.1966,0.8946,2.4540
954,0.3181,1.6209,1.1431,0.2733,0.2963,2.2122,1.7575
955,0.3654,1.2929,0.9422,0.1720,0.1971,1.8303,1.5048
956,0.2643,0.7093,0.4709,0.1640,0.1928,1.1376,0.9281
957,0.2070,0.7223,1.2216,0.1695,0.2361,1.0987,1.6646
958,0.2847,0.3554,0.4006,0.1660,0.1987,0.8061,0.8840
959,0.2260,0.5952,0.6386,0.1615,0.1983,0.9827,1.0629
960,0.2007,0.4030,0.4032,0.1713,0.2092,0.7750,0.8130
961,0.2297,0.4989,0.6406,0.1690,0.2049,0.8976,1.0752
962,0.3033,0.3925,1.6208,0.2277,0.2907,0.9235,2.2149
963,0.3650,0.8189,1.1715,0.1727,0.1977,1.3566,1.7342
964,0.2752,0.6900,0.3520,0.1846,0.2021,1.1497,0.8292
965,0.2417,0.3248,0.3751,0.2253,0.2967,0.7917,0.9136
966,0.3551,1.2139,0.3130,0.1676,0.2024,1.7366,0.8705
967,0.2674,0.7112,0.3176,0.2084,0.1968,1.1869,0.7819
968,0.2549,0.2863,0.6107,0.1680,0.2113,0.7093,1.0769
969,0.2023,0.2608,0.3246,0.1787,0.1984,0.6419,0.7253
970,0.2120,0.3937,0.9964,0.2844,0.2739,0.8900,1.4823
971,0.3803,1.5228,0.7550,0.1722,0.1990,2.0753,1.3343
972,0.2777,0.5126,1.2042,0.1831,0.1974,0.9735,1.6793
973,0.2596,0.7487,0.3654,0.1680,0.2061,1.1763,0.8311
974,0.2097,0.4166,0.3193,0.1649,0.1966,0.7912,0.7256
975,0.2249,0.2694,1.1998,0.1690,0.1933,0.6633,1.6180
976,0.2544,0.8970,0.3226,0.1678,0.1950,1.3192,0.7720
977,0.2582,0.3498,0.3578,0.1656,0.2663,0.7736,0.8823
978,0.3551,0.5230,0.4566,0.2523,0.2919,1.1304,1.1036
979,0.3782,0.4204,1.9841,0.1887,0.1988,0.9872,2.5611
980,0.2731,2.1168,2.5630,0.1721,0.1966,2.5621,3.0328
981,0.2684,0.2714,0.3990,0.1860,0.1962,0.7258,0.8635
982,0.2760,0.4455,1.1665,0.2472,0.3056,0.9687,1.7481
983,0.3452,0.5273,0.4417,0.2371,0.3002,1.1096,1.0872
984,0.3421,0.8457,0.9083,0.2507,0.2624,1.4385,1.5128
985,0.3273,0.2794,0.3648,0.2145,0.1926,0.8212,0.8847
986,0.2541,0.2610,0.4090,0.1685,0.1970,0.6837,0.8601
987,0.2171,0.5088,0.2899,0.1789,0.2014,0.9048,0.7084
988,0.1947,0.2568,0.8459,0.1652,0.1983,0.6168,1.2390
989,0.1984,0.8552,0.2863,0.1652,0.1946,1.2188,0.6793
990,0.1959,0.2668,0.3608,0.1645,0.1943,0.6272,0.7511
991,0.1983,0.5012,0.7434,0.2492,0.2167,0.9487,1.1585
992,0.2798,0.8851,0.2930,0.1728,0.1961,1.3377,0.7690
993,0.3468,0.4009,0.7251,0.2563,0.2930,1.0039,1.3649
994,0.3533,0.6134,1.3313,0.1683,0.1952,1.1351,1.8798
995,0.3698,0.5557,1.7236,0.1744,0.2087,1.0999,2.3021
996,0.2610,0.4280,1.0463,0.1699,0.1970,0.8589,1.5043
997,0.2195,0.4594,0.2901,0.1692,0.1974,0.8481,0.7070
998,0.2173,0.2597,1.8088,0.1704,0.1989,0.6474,2.2249
999,0.2244,0.6950,0.3614,0.1727,0.1975,1.0920,0.7833
1000,0.1938,1.4143,0.6916,0.2649,0.3121,1.8729,1.1975