Iteraci칩n,Falcon Version,Tama침o Mensaje,Tiempo Generaci칩n Claves,Tiempo Firma,Tiempo Verificaci칩n,Tiempo Total
1,falcon-1024,grande,46.3591,1.9059,0.1678,48.4328
2,falcon-1024,grande,23.4049,1.9201,0.1820,25.5070
3,falcon-1024,grande,22.5999,1.8876,0.1666,24.6542
4,falcon-1024,grande,25.4485,1.9076,0.1662,27.5224
5,falcon-1024,grande,36.4901,1.8933,0.1688,38.5523
6,falcon-1024,grande,21.4487,1.8663,0.1692,23.4841
7,falcon-1024,grande,23.5950,1.8793,0.1638,25.6380
8,falcon-1024,grande,22.9597,1.8615,0.1631,24.9842
9,falcon-1024,grande,44.8188,1.8758,0.1694,46.8640
10,falcon-1024,grande,22.3507,1.8701,0.1633,24.3840
11,falcon-1024,grande,29.5625,1.8925,0.1666,31.6217
12,falcon-1024,grande,34.8691,1.9100,0.1665,36.9456
13,falcon-1024,grande,21.1687,1.8629,0.1645,23.1961
14,falcon-1024,grande,39.7476,1.9066,0.1671,41.8212
15,falcon-1024,grande,20.5607,1.9182,0.1673,22.6462
16,falcon-1024,grande,20.7108,1.9435,0.1799,22.8342
17,falcon-1024,grande,28.5359,2.9412,0.1799,31.6570
18,falcon-1024,grande,28.8082,1.9079,0.1666,30.8827
19,falcon-1024,grande,23.7335,1.9252,0.1663,25.8250
20,falcon-1024,grande,19.8050,1.8779,0.1650,21.8478
21,falcon-1024,grande,43.1297,1.8771,0.1648,45.1716
22,falcon-1024,grande,22.6137,1.8969,0.1749,24.6855
23,falcon-1024,grande,20.2450,1.9003,0.1646,22.3098
24,falcon-1024,grande,26.7617,1.8580,0.1676,28.7873
25,falcon-1024,grande,28.3527,1.8614,0.1649,30.3790
26,falcon-1024,grande,21.3028,1.8635,0.1684,23.3347
27,falcon-1024,grande,32.4463,1.8613,0.1631,34.4707
28,falcon-1024,grande,29.7935,2.3157,0.1662,32.2754
29,falcon-1024,grande,26.3865,1.8793,0.1662,28.4320
30,falcon-1024,grande,25.2325,1.8510,0.1640,27.2475
31,falcon-1024,grande,21.8660,1.8530,0.1619,23.8809
32,falcon-1024,grande,42.1440,2.9455,0.1705,45.2599
33,falcon-1024,grande,30.4789,1.8494,0.1681,32.4964
34,falcon-1024,grande,35.3643,1.8892,0.1660,37.4195
35,falcon-1024,grande,34.5282,1.8993,0.1709,36.5984
36,falcon-1024,grande,20.1538,2.8912,0.1692,23.2142
37,falcon-1024,grande,25.7041,1.8632,0.1683,27.7356
38,falcon-1024,grande,20.5937,1.8666,0.1635,22.6239
39,falcon-1024,grande,19.6669,1.8653,0.1622,21.6945
40,falcon-1024,grande,27.4080,1.8723,0.1631,29.4434
41,falcon-1024,grande,22.4472,1.9025,0.1632,24.5129
42,falcon-1024,grande,20.6055,1.8707,0.1664,22.6425
43,falcon-1024,grande,21.7193,1.8692,0.1683,23.7567
44,falcon-1024,grande,21.3977,1.8716,0.1633,23.4326
45,falcon-1024,grande,24.1389,1.8678,0.1639,26.1706
46,falcon-1024,grande,29.7885,1.8726,0.1639,31.8250
47,falcon-1024,grande,20.3050,1.8718,0.1622,22.3390
48,falcon-1024,grande,27.8017,3.0089,0.1708,30.9814
49,falcon-1024,grande,22.4500,1.8916,0.1707,24.5123
50,falcon-1024,grande,29.6736,1.8653,0.1647,31.7036
51,falcon-1024,grande,27.2177,1.8770,0.1746,29.2693
52,falcon-1024,grande,24.7611,1.8743,0.1679,26.8032
53,falcon-1024,grande,38.7211,1.9109,0.1667,40.7987
54,falcon-1024,grande,23.7372,1.8712,0.1646,25.7730
55,falcon-1024,grande,25.9741,1.8759,0.1648,28.0149
56,falcon-1024,grande,29.2915,1.8853,0.1676,31.3445
57,falcon-1024,grande,36.5353,1.8927,0.1675,38.5955
58,falcon-1024,grande,26.2416,1.8622,0.1647,28.2684
59,falcon-1024,grande,21.6719,1.8786,0.1646,23.7151
60,falcon-1024,grande,30.2330,1.8684,0.1641,32.2655
61,falcon-1024,grande,29.7825,1.9113,0.1659,31.8597
62,falcon-1024,grande,44.7378,1.8832,0.1654,46.7864
63,falcon-1024,grande,19.8237,1.8514,0.1651,21.8403
64,falcon-1024,grande,29.9604,1.8741,0.1645,31.9989
65,falcon-1024,grande,25.1412,1.8967,0.1640,27.2019
66,falcon-1024,grande,19.8296,2.9804,0.1694,22.9794
67,falcon-1024,grande,24.0606,1.9024,0.1636,26.1266
68,falcon-1024,grande,22.4178,1.8556,0.1672,24.4407
69,falcon-1024,grande,21.1235,1.8690,0.1628,23.1552
70,falcon-1024,grande,26.6644,1.8611,0.1693,28.6947
71,falcon-1024,grande,26.4625,1.8709,0.1635,28.4969
72,falcon-1024,grande,20.3016,2.9710,0.1786,23.4512
73,falcon-1024,grande,33.5495,1.8661,0.1649,35.5806
74,falcon-1024,grande,40.9817,1.8987,0.1659,43.0464
75,falcon-1024,grande,19.3699,1.8650,0.1632,21.3980
76,falcon-1024,grande,44.5383,1.8933,0.1654,46.5969
77,falcon-1024,grande,33.6259,1.8786,0.1692,35.6737
78,falcon-1024,grande,22.8495,1.8629,0.1697,24.8820
79,falcon-1024,grande,20.2799,1.8511,0.1630,22.2941
80,falcon-1024,grande,20.1238,1.8733,0.1631,22.1602
81,falcon-1024,grande,36.1956,1.8586,0.1660,38.2202
82,falcon-1024,grande,22.7437,1.8633,0.1640,24.7709
83,falcon-1024,grande,21.3777,1.8863,0.1683,23.4323
84,falcon-1024,grande,21.4791,1.8580,0.1639,23.5010
85,falcon-1024,grande,39.2708,1.8836,0.1664,41.3207
86,falcon-1024,grande,25.4750,1.8756,0.1673,27.5179
87,falcon-1024,grande,22.7104,1.8638,0.1695,24.7437
88,falcon-1024,grande,23.5235,1.8734,0.1677,25.5646
89,falcon-1024,grande,21.8050,1.8649,0.1648,23.8347
90,falcon-1024,grande,26.2976,1.9009,0.1650,28.3635
91,falcon-1024,grande,34.8521,1.9079,0.1694,36.9295
92,falcon-1024,grande,22.8909,1.8618,0.1665,24.9191
93,falcon-1024,grande,23.2251,1.8502,0.1672,25.2425
94,falcon-1024,grande,23.3723,1.8595,0.1630,25.3948
95,falcon-1024,grande,29.7909,1.8612,0.1636,31.8157
96,falcon-1024,grande,24.4956,1.8934,0.1650,26.5540
97,falcon-1024,grande,25.6814,1.8555,0.1641,27.7009
98,falcon-1024,grande,27.5200,1.8633,0.1680,29.5513
99,falcon-1024,grande,20.8614,1.9309,0.1766,22.9689
100,falcon-1024,grande,19.3956,1.8689,0.1644,21.4289
101,falcon-1024,grande,64.2492,1.8881,0.1653,66.3026
102,falcon-1024,grande,41.6368,1.8691,0.1654,43.6713
103,falcon-1024,grande,33.6486,1.8669,0.1666,35.6820
104,falcon-1024,grande,28.7203,1.8858,0.1637,30.7698
105,falcon-1024,grande,22.9964,1.8838,0.1694,25.0496
106,falcon-1024,grande,20.4235,1.8628,0.1627,22.4490
107,falcon-1024,grande,26.3795,1.8631,0.1642,28.4068
108,falcon-1024,grande,34.6792,1.8771,0.1646,36.7209
109,falcon-1024,grande,27.2729,1.8755,0.1635,29.3119
110,falcon-1024,grande,21.6612,1.8870,0.1687,23.7169
111,falcon-1024,grande,21.7007,1.8581,0.1630,23.7219
112,falcon-1024,grande,21.0459,1.8797,0.1645,23.0901
113,falcon-1024,grande,22.6003,1.8715,0.1692,24.6411
114,falcon-1024,grande,27.4453,1.8651,0.1663,29.4768
115,falcon-1024,grande,20.6507,2.0795,0.1712,22.9013
116,falcon-1024,grande,21.7021,1.8788,0.1641,23.7450
117,falcon-1024,grande,26.8164,1.8534,0.1681,28.8380
118,falcon-1024,grande,19.8117,1.8524,0.1664,21.8305
119,falcon-1024,grande,47.1443,2.0435,0.1731,49.3609
120,falcon-1024,grande,23.5653,1.8605,0.1686,25.5944
121,falcon-1024,grande,27.6047,1.9014,0.1653,29.6713
122,falcon-1024,grande,21.6672,1.8743,0.1663,23.7079
123,falcon-1024,grande,23.5126,1.8616,0.1656,25.5398
124,falcon-1024,grande,26.5881,1.8640,0.1640,28.6161
125,falcon-1024,grande,20.2745,1.8689,0.1646,22.3080
126,falcon-1024,grande,19.6536,1.8767,0.1636,21.6940
127,falcon-1024,grande,21.9605,1.8863,0.1689,24.0157
128,falcon-1024,grande,21.4350,1.8493,0.1658,23.4501
129,falcon-1024,grande,25.9467,1.8754,0.1662,27.9884
130,falcon-1024,grande,20.3718,1.8813,0.1644,22.4174
131,falcon-1024,grande,38.8016,1.8618,0.1652,40.8287
132,falcon-1024,grande,26.3420,1.8820,0.1655,28.3895
133,falcon-1024,grande,21.3971,1.8611,0.1677,23.4259
134,falcon-1024,grande,26.0773,1.8823,0.1681,28.1277
135,falcon-1024,grande,36.0859,1.8847,0.1645,38.1351
136,falcon-1024,grande,19.9203,1.8684,0.1631,21.9518
137,falcon-1024,grande,45.5284,1.8804,0.1665,47.5753
138,falcon-1024,grande,20.3420,1.8608,0.1624,22.3651
139,falcon-1024,grande,22.2984,1.8661,0.1672,24.3317
140,falcon-1024,grande,24.6519,1.8581,0.1630,26.6730
141,falcon-1024,grande,20.1866,1.8736,0.1633,22.2235
142,falcon-1024,grande,21.7021,1.8668,0.1632,23.7322
143,falcon-1024,grande,25.2776,1.8529,0.1633,27.2939
144,falcon-1024,grande,23.8152,1.8668,0.1631,25.8451
145,falcon-1024,grande,24.4517,1.9051,0.1676,26.5244
146,falcon-1024,grande,25.3507,1.8832,0.1634,27.3973
147,falcon-1024,grande,27.0126,2.8204,0.1684,30.0013
148,falcon-1024,grande,19.8093,1.8720,0.1677,21.8491
149,falcon-1024,grande,23.7129,1.8745,0.1652,25.7526
150,falcon-1024,grande,22.4146,1.8703,0.1629,24.4478
151,falcon-1024,grande,42.8064,1.8705,0.1646,44.8415
152,falcon-1024,grande,25.2340,1.8630,0.1658,27.2628
153,falcon-1024,grande,20.4688,1.8766,0.1666,22.5121
154,falcon-1024,grande,38.9825,1.8571,0.1683,41.0079
155,falcon-1024,grande,25.8946,1.9035,0.1668,27.9649
156,falcon-1024,grande,46.3427,1.8905,0.1666,48.3998
157,falcon-1024,grande,29.8991,1.8894,0.1701,31.9585
158,falcon-1024,grande,21.5087,1.8991,0.1636,23.5714
159,falcon-1024,grande,37.9171,1.8801,0.1642,39.9614
160,falcon-1024,grande,20.9616,1.8532,0.1624,22.9771
161,falcon-1024,grande,21.6568,1.8798,0.1681,23.7047
162,falcon-1024,grande,28.2581,1.9009,0.1656,30.3247
163,falcon-1024,grande,26.2043,1.8552,0.1661,28.2257
164,falcon-1024,grande,37.0226,1.8743,0.1657,39.0626
165,falcon-1024,grande,20.6690,1.8782,0.1629,22.7102
166,falcon-1024,grande,34.2996,1.8702,0.1659,36.3358
167,falcon-1024,grande,21.2055,1.8959,0.1628,23.2641
168,falcon-1024,grande,20.6376,1.8516,0.1625,22.6517
169,falcon-1024,grande,19.8442,1.8724,0.1690,21.8856
170,falcon-1024,grande,24.8341,1.8649,0.1699,26.8689
171,falcon-1024,grande,47.5043,2.9304,0.1695,50.6042
172,falcon-1024,grande,26.1096,1.8552,0.1642,28.1290
173,falcon-1024,grande,20.6258,1.8695,0.1666,22.6619
174,falcon-1024,grande,33.7993,1.8931,0.1653,35.8576
175,falcon-1024,grande,19.4034,1.8709,0.1647,21.4390
176,falcon-1024,grande,27.0106,3.0399,0.1680,30.2185
177,falcon-1024,grande,20.8904,1.8674,0.1633,22.9212
178,falcon-1024,grande,19.6417,1.8719,0.1653,21.6788
179,falcon-1024,grande,21.5178,1.8758,0.1677,23.5613
180,falcon-1024,grande,20.4987,1.8432,0.1647,22.5066
181,falcon-1024,grande,20.8772,1.8596,0.1624,22.8992
182,falcon-1024,grande,28.6983,1.8685,0.1654,30.7321
183,falcon-1024,grande,21.6398,1.8643,0.1655,23.6696
184,falcon-1024,grande,20.3211,1.8837,0.1640,22.3688
185,falcon-1024,grande,19.6562,1.8467,0.1667,21.6696
186,falcon-1024,grande,32.7582,1.8641,0.1644,34.7867
187,falcon-1024,grande,22.6052,1.8615,0.1649,24.6316
188,falcon-1024,grande,23.5359,1.8554,0.1699,25.5613
189,falcon-1024,grande,24.5627,1.8911,0.1650,26.6188
190,falcon-1024,grande,20.9769,2.0394,0.1735,23.1898
191,falcon-1024,grande,24.5782,1.9252,0.1700,26.6735
192,falcon-1024,grande,26.2753,1.9422,0.1695,28.3870
193,falcon-1024,grande,24.2271,1.9231,0.1712,26.3214
194,falcon-1024,grande,21.0099,2.4946,0.1706,23.6751
195,falcon-1024,grande,19.9249,1.8801,0.1648,21.9699
196,falcon-1024,grande,22.3479,1.8581,0.1638,24.3697
197,falcon-1024,grande,40.0763,1.9491,0.1691,42.1945
198,falcon-1024,grande,24.6206,1.9219,0.1665,26.7091
199,falcon-1024,grande,35.2359,2.9768,0.1681,38.3808
200,falcon-1024,grande,38.3032,1.8859,0.1804,40.3695
201,falcon-1024,grande,20.5525,1.8423,0.1652,22.5600
202,falcon-1024,grande,28.7256,1.8619,0.1636,30.7511
203,falcon-1024,grande,21.6281,1.8775,0.1673,23.6730
204,falcon-1024,grande,25.2896,1.8820,0.1648,27.3364
205,falcon-1024,grande,27.7901,1.8499,0.1648,29.8048
206,falcon-1024,grande,52.0481,1.8837,0.1662,54.0980
207,falcon-1024,grande,24.2072,1.8637,0.1633,26.2342
208,falcon-1024,grande,23.3481,1.8752,0.1641,25.3874
209,falcon-1024,grande,26.5796,1.8900,0.1648,28.6344
210,falcon-1024,grande,28.0474,1.8635,0.1637,30.0746
211,falcon-1024,grande,21.9381,1.9226,0.1671,24.0278
212,falcon-1024,grande,24.2505,1.8593,0.1631,26.2730
213,falcon-1024,grande,24.9182,1.9132,0.1654,26.9969
214,falcon-1024,grande,29.1093,1.8691,0.1697,31.1481
215,falcon-1024,grande,26.3537,1.8639,0.1628,28.3803
216,falcon-1024,grande,22.3251,1.8551,0.1672,24.3473
217,falcon-1024,grande,30.0119,1.8758,0.1651,32.0528
218,falcon-1024,grande,22.5587,1.8504,0.1646,24.5737
219,falcon-1024,grande,24.4458,1.8885,0.1667,26.5009
220,falcon-1024,grande,26.8451,1.8761,0.1681,28.8893
221,falcon-1024,grande,22.4920,1.8585,0.1639,24.5144
222,falcon-1024,grande,22.1641,1.8825,0.1657,24.2123
223,falcon-1024,grande,33.2817,1.8662,0.1675,35.3154
224,falcon-1024,grande,22.0616,1.8660,0.1678,24.0954
225,falcon-1024,grande,25.5437,1.8864,0.1671,27.5972
226,falcon-1024,grande,30.8827,1.9072,0.1682,32.9582
227,falcon-1024,grande,26.8808,1.9006,0.1665,28.9478
228,falcon-1024,grande,33.2632,1.8802,0.1656,35.3090
229,falcon-1024,grande,45.0118,1.8616,0.1661,47.0395
230,falcon-1024,grande,26.8001,1.8893,0.1643,28.8537
231,falcon-1024,grande,21.9562,1.8644,0.1643,23.9849
232,falcon-1024,grande,26.8743,1.8786,0.1655,28.9184
233,falcon-1024,grande,19.8494,1.8695,0.1640,21.8829
234,falcon-1024,grande,35.6264,1.9241,0.1644,37.7149
235,falcon-1024,grande,30.5937,1.8600,0.1639,32.6176
236,falcon-1024,grande,20.2704,1.8754,0.1650,22.3108
237,falcon-1024,grande,20.5521,1.8805,0.1628,22.5954
238,falcon-1024,grande,19.8231,1.8738,0.1640,21.8609
239,falcon-1024,grande,22.8912,1.8768,0.1643,24.9322
240,falcon-1024,grande,24.6376,1.8835,0.1649,26.6860
241,falcon-1024,grande,21.3281,1.8655,0.1677,23.3613
242,falcon-1024,grande,28.4350,1.8663,0.1642,30.4654
243,falcon-1024,grande,26.5785,1.8836,0.1686,28.6307
244,falcon-1024,grande,23.3249,1.8941,0.1647,25.3837
245,falcon-1024,grande,21.3063,1.8742,0.1634,23.3438
246,falcon-1024,grande,32.7681,1.8674,0.1641,34.7996
247,falcon-1024,grande,32.9810,1.8664,0.1643,35.0118
248,falcon-1024,grande,27.6588,1.8695,0.1725,29.7008
249,falcon-1024,grande,48.7395,1.9037,0.1662,50.8094
250,falcon-1024,grande,20.5220,1.8778,0.1645,22.5642
251,falcon-1024,grande,26.4666,1.8636,0.1680,28.4982
252,falcon-1024,grande,19.3565,1.8730,0.1635,21.3930
253,falcon-1024,grande,19.3251,1.8711,0.1626,21.3587
254,falcon-1024,grande,27.9235,1.8823,0.1659,29.9717
255,falcon-1024,grande,47.1074,1.8696,0.1656,49.1426
256,falcon-1024,grande,30.4289,1.8800,0.1641,32.4731
257,falcon-1024,grande,19.8095,1.8730,0.1632,21.8457
258,falcon-1024,grande,31.7313,2.7090,0.1686,34.6089
259,falcon-1024,grande,19.4711,1.8681,0.1665,21.5057
260,falcon-1024,grande,20.2221,1.8664,0.1702,22.2587
261,falcon-1024,grande,22.3840,1.8789,0.1700,24.4328
262,falcon-1024,grande,28.2191,1.8856,0.1668,30.2714
263,falcon-1024,grande,19.8515,1.8902,0.1646,21.9063
264,falcon-1024,grande,23.4869,1.8771,0.1682,25.5322
265,falcon-1024,grande,24.7069,1.8772,0.1669,26.7511
266,falcon-1024,grande,20.8524,1.8587,0.1646,22.8757
267,falcon-1024,grande,23.6284,1.8901,0.1693,25.6878
268,falcon-1024,grande,22.6080,1.8713,0.1649,24.6441
269,falcon-1024,grande,21.2932,1.8798,0.1687,23.3417
270,falcon-1024,grande,19.6626,1.8531,0.1642,21.6800
271,falcon-1024,grande,19.6765,2.9800,0.1700,22.8265
272,falcon-1024,grande,23.9113,1.8861,0.1624,25.9598
273,falcon-1024,grande,29.2961,1.8594,0.1650,31.3205
274,falcon-1024,grande,22.8065,1.8810,0.1647,24.8522
275,falcon-1024,grande,29.0028,1.8796,0.1643,31.0467
276,falcon-1024,grande,24.9201,1.8864,0.1646,26.9711
277,falcon-1024,grande,48.1044,1.8747,0.1694,50.1485
278,falcon-1024,grande,23.7578,1.8554,0.1644,25.7776
279,falcon-1024,grande,20.9416,1.8588,0.1649,22.9653
280,falcon-1024,grande,30.6921,2.8408,0.1713,33.7041
281,falcon-1024,grande,35.2662,1.8590,0.1641,37.2893
282,falcon-1024,grande,19.7964,1.8593,0.1645,21.8202
283,falcon-1024,grande,20.3685,1.8676,0.1687,22.4047
284,falcon-1024,grande,34.8753,1.8752,0.1653,36.9158
285,falcon-1024,grande,38.0107,1.8606,0.1658,40.0371
286,falcon-1024,grande,25.1380,1.8687,0.1708,27.1775
287,falcon-1024,grande,21.2931,1.8400,0.1648,23.2978
288,falcon-1024,grande,21.2949,1.8715,0.1674,23.3338
289,falcon-1024,grande,44.8380,1.8799,0.1666,46.8846
290,falcon-1024,grande,20.2389,1.8657,0.1655,22.2701
291,falcon-1024,grande,27.2386,1.8604,0.1631,29.2621
292,falcon-1024,grande,22.7273,1.8553,0.1637,24.7463
293,falcon-1024,grande,23.0254,1.8439,0.1668,25.0361
294,falcon-1024,grande,21.3813,1.8668,0.1656,23.4136
295,falcon-1024,grande,37.3901,1.8994,0.1683,39.4578
296,falcon-1024,grande,19.5647,1.8815,0.1664,21.6126
297,falcon-1024,grande,21.9171,1.9165,0.1674,24.0010
298,falcon-1024,grande,22.0898,1.8820,0.1642,24.1360
299,falcon-1024,grande,27.8707,1.8844,0.1664,29.9215
300,falcon-1024,grande,19.6742,1.8963,0.1667,21.7372
301,falcon-1024,grande,23.6421,1.8517,0.1711,25.6648
302,falcon-1024,grande,23.0776,1.8490,0.1703,25.0968
303,falcon-1024,grande,22.8875,1.8667,0.1685,24.9228
304,falcon-1024,grande,20.2356,1.8700,0.1693,22.2749
305,falcon-1024,grande,28.0976,1.8860,0.1648,30.1483
306,falcon-1024,grande,23.2578,1.8694,0.1645,25.2917
307,falcon-1024,grande,26.5233,1.8775,0.1640,28.5648
308,falcon-1024,grande,35.3812,1.8668,0.1631,37.4111
309,falcon-1024,grande,27.8611,1.8642,0.1638,29.8890
310,falcon-1024,grande,25.1496,1.8735,0.1642,27.1874
311,falcon-1024,grande,46.3632,1.9143,0.1692,48.4466
312,falcon-1024,grande,39.6841,1.8669,0.1861,41.7370
313,falcon-1024,grande,24.3890,1.8751,0.1657,26.4298
314,falcon-1024,grande,23.8284,1.9147,0.1666,25.9097
315,falcon-1024,grande,40.4569,1.8807,0.1686,42.5061
316,falcon-1024,grande,32.4016,1.8912,0.1682,34.4611
317,falcon-1024,grande,19.3452,1.8656,0.1635,21.3743
318,falcon-1024,grande,19.3834,1.8659,0.1653,21.4146
319,falcon-1024,grande,24.5957,1.8691,0.1657,26.6305
320,falcon-1024,grande,21.2318,1.8489,0.1681,23.2488
321,falcon-1024,grande,19.6522,1.8705,0.1638,21.6865
322,falcon-1024,grande,38.1550,1.8678,0.1696,40.1923
323,falcon-1024,grande,22.5536,1.8684,0.1633,24.5853
324,falcon-1024,grande,26.1603,1.8781,0.1672,28.2056
325,falcon-1024,grande,30.8744,1.9082,0.1656,32.9482
326,falcon-1024,grande,19.3721,1.8603,0.1635,21.3959
327,falcon-1024,grande,29.2677,1.9071,0.1640,31.3388
328,falcon-1024,grande,29.7749,1.9423,0.1728,31.8900
329,falcon-1024,grande,23.4444,1.8786,0.1652,25.4882
330,falcon-1024,grande,25.1199,1.8716,0.1710,27.1624
331,falcon-1024,grande,23.1896,1.8765,0.1671,25.2333
332,falcon-1024,grande,40.4345,1.8951,0.1676,42.4972
333,falcon-1024,grande,21.8971,1.8574,0.1654,23.9199
334,falcon-1024,grande,24.5603,1.8726,0.1649,26.5978
335,falcon-1024,grande,20.6899,1.8755,0.1682,22.7336
336,falcon-1024,grande,24.9243,1.8633,0.1705,26.9581
337,falcon-1024,grande,20.5977,1.8788,0.1630,22.6395
338,falcon-1024,grande,22.0279,1.8861,0.1686,24.0826
339,falcon-1024,grande,20.5429,1.8769,0.1626,22.5824
340,falcon-1024,grande,23.3136,1.8641,0.1650,25.3427
341,falcon-1024,grande,33.0633,1.8647,0.1638,35.0918
342,falcon-1024,grande,26.5459,1.8650,0.1635,28.5743
343,falcon-1024,grande,26.4089,1.9008,0.1674,28.4772
344,falcon-1024,grande,29.3566,1.8630,0.1640,31.3837
345,falcon-1024,grande,22.7720,1.8544,0.1682,24.7946
346,falcon-1024,grande,50.3057,1.9104,0.1677,52.3838
347,falcon-1024,grande,39.3171,1.8643,0.1660,41.3474
348,falcon-1024,grande,44.2298,1.8612,0.1685,46.2594
349,falcon-1024,grande,55.1827,1.9154,0.1709,57.2690
350,falcon-1024,grande,20.1124,1.8682,0.1688,22.1494
351,falcon-1024,grande,20.3709,1.8562,0.1647,22.3918
352,falcon-1024,grande,22.9756,1.8684,0.1677,25.0117
353,falcon-1024,grande,21.0232,1.8736,0.1669,23.0636
354,falcon-1024,grande,19.3554,1.8624,0.1644,21.3821
355,falcon-1024,grande,19.9448,2.8061,0.1665,22.9175
356,falcon-1024,grande,34.5405,1.8885,0.1662,36.5951
357,falcon-1024,grande,22.3781,1.8538,0.1652,24.3972
358,falcon-1024,grande,23.6267,1.8735,0.1683,25.6685
359,falcon-1024,grande,25.2113,1.8810,0.1634,27.2557
360,falcon-1024,grande,22.4185,2.7520,0.1712,25.3418
361,falcon-1024,grande,20.1033,1.8833,0.1643,22.1509
362,falcon-1024,grande,25.0000,1.8623,0.1634,27.0257
363,falcon-1024,grande,26.3439,1.9176,0.1689,28.4304
364,falcon-1024,grande,20.4859,1.9072,0.1721,22.5651
365,falcon-1024,grande,32.9317,1.9017,0.1695,35.0029
366,falcon-1024,grande,20.6806,1.9442,0.1723,22.7971
367,falcon-1024,grande,22.5649,1.9575,0.1742,24.6967
368,falcon-1024,grande,21.9400,1.9151,0.1691,24.0241
369,falcon-1024,grande,29.8451,1.8968,0.1651,31.9071
370,falcon-1024,grande,21.8645,1.8995,0.1680,23.9320
371,falcon-1024,grande,19.4625,1.8903,0.1664,21.5192
372,falcon-1024,grande,23.9099,1.8760,0.1666,25.9526
373,falcon-1024,grande,23.0599,1.8569,0.1661,25.0828
374,falcon-1024,grande,19.8441,1.8444,0.1634,21.8519
375,falcon-1024,grande,21.5241,1.8905,0.1660,23.5806
376,falcon-1024,grande,19.9400,1.8666,0.1650,21.9715
377,falcon-1024,grande,19.3781,1.8860,0.1634,21.4275
378,falcon-1024,grande,25.1016,1.8997,0.1675,27.1688
379,falcon-1024,grande,20.9994,1.8839,0.1656,23.0489
380,falcon-1024,grande,20.9895,1.8763,0.1766,23.0425
381,falcon-1024,grande,31.6197,1.8774,0.1662,33.6633
382,falcon-1024,grande,25.3878,1.8675,0.1673,27.4227
383,falcon-1024,grande,24.2116,1.8661,0.1638,26.2415
384,falcon-1024,grande,23.3659,1.8751,0.1696,25.4106
385,falcon-1024,grande,24.2054,1.8831,0.1672,26.2557
386,falcon-1024,grande,35.2680,1.8649,0.1641,37.2971
387,falcon-1024,grande,44.5111,1.9219,0.1705,46.6035
388,falcon-1024,grande,20.1276,1.8704,0.1696,22.1676
389,falcon-1024,grande,34.6591,1.9146,0.1676,36.7413
390,falcon-1024,grande,36.3139,1.8600,0.1669,38.3408
391,falcon-1024,grande,22.7919,1.8656,0.1705,24.8280
392,falcon-1024,grande,21.0377,1.8554,0.1665,23.0597
393,falcon-1024,grande,44.4096,1.8803,0.1659,46.4559
394,falcon-1024,grande,24.5473,1.8669,0.1645,26.5786
395,falcon-1024,grande,21.6020,1.8607,0.1638,23.6265
396,falcon-1024,grande,39.1340,1.8991,0.1682,41.2014
397,falcon-1024,grande,42.1130,1.8963,0.1659,44.1752
398,falcon-1024,grande,27.2571,1.8652,0.1672,29.2895
399,falcon-1024,grande,19.6898,1.9536,0.1655,21.8089
400,falcon-1024,grande,66.0678,1.8972,0.1667,68.1316
401,falcon-1024,grande,19.6371,1.9008,0.1656,21.7036
402,falcon-1024,grande,36.6010,1.8798,0.1672,38.6480
403,falcon-1024,grande,24.2605,1.8747,0.1696,26.3049
404,falcon-1024,grande,21.8233,1.8630,0.1667,23.8530
405,falcon-1024,grande,20.0172,1.8628,0.1761,22.0561
406,falcon-1024,grande,23.4743,1.8611,0.1660,25.5013
407,falcon-1024,grande,29.0381,1.8779,0.1642,31.0801
408,falcon-1024,grande,22.2310,1.9962,0.1696,24.3968
409,falcon-1024,grande,24.7705,1.9642,0.1678,26.9025
410,falcon-1024,grande,23.9761,1.8621,0.1628,26.0010
411,falcon-1024,grande,23.2154,2.8898,0.1675,26.2728
412,falcon-1024,grande,30.4451,1.8750,0.1666,32.4866
413,falcon-1024,grande,25.4493,1.8696,0.1667,27.4856
414,falcon-1024,grande,27.9801,1.8761,0.1689,30.0251
415,falcon-1024,grande,22.3788,1.8587,0.1635,24.4009
416,falcon-1024,grande,19.7062,1.8551,0.1648,21.7261
417,falcon-1024,grande,29.6216,1.8802,0.1693,31.6711
418,falcon-1024,grande,25.7067,1.8829,0.1646,27.7542
419,falcon-1024,grande,20.8472,1.8538,0.1633,22.8643
420,falcon-1024,grande,28.6959,1.8636,0.1648,30.7243
421,falcon-1024,grande,20.9748,1.8833,0.1739,23.0320
422,falcon-1024,grande,27.8438,1.8756,0.1650,29.8844
423,falcon-1024,grande,22.0655,1.8946,0.1792,24.1393
424,falcon-1024,grande,19.8630,1.8686,0.1641,21.8956
425,falcon-1024,grande,49.7711,1.8747,0.1642,51.8100
426,falcon-1024,grande,29.8160,1.8630,0.1703,31.8494
427,falcon-1024,grande,22.6789,1.8787,0.1657,24.7233
428,falcon-1024,grande,22.2626,1.8574,0.1677,24.2877
429,falcon-1024,grande,31.8856,1.8519,0.1683,33.9058
430,falcon-1024,grande,21.4418,1.8613,0.1648,23.4678
431,falcon-1024,grande,26.0141,1.8597,0.1641,28.0379
432,falcon-1024,grande,22.5989,1.8543,0.1639,24.6171
433,falcon-1024,grande,21.0065,1.8682,0.1649,23.0396
434,falcon-1024,grande,31.9277,1.8977,0.1657,33.9910
435,falcon-1024,grande,35.6609,1.8874,0.1672,37.7155
436,falcon-1024,grande,21.4139,1.8608,0.1635,23.4382
437,falcon-1024,grande,26.6810,1.9335,0.1773,28.7917
438,falcon-1024,grande,22.2663,1.8636,0.1663,24.2961
439,falcon-1024,grande,19.3864,1.8777,0.1655,21.4296
440,falcon-1024,grande,22.4319,1.8503,0.1676,24.4499
441,falcon-1024,grande,41.4492,1.9034,0.1668,43.5194
442,falcon-1024,grande,19.8748,1.8803,0.1638,21.9190
443,falcon-1024,grande,21.8739,3.0763,0.1686,25.1188
444,falcon-1024,grande,30.7061,1.8722,0.1657,32.7440
445,falcon-1024,grande,19.7075,1.8651,0.1644,21.7371
446,falcon-1024,grande,25.1843,1.8715,0.1651,27.2209
447,falcon-1024,grande,35.0068,1.8819,0.1655,37.0542
448,falcon-1024,grande,21.4575,2.8303,0.1674,24.4553
449,falcon-1024,grande,20.1302,1.9029,0.1649,22.1980
450,falcon-1024,grande,21.6586,1.8609,0.1693,23.6888
451,falcon-1024,grande,19.6714,1.8655,0.1647,21.7016
452,falcon-1024,grande,24.5547,1.9100,0.1627,26.6274
453,falcon-1024,grande,19.4213,1.8545,0.1677,21.4435
454,falcon-1024,grande,20.6140,1.8576,0.1633,22.6349
455,falcon-1024,grande,32.5262,1.8877,0.1695,34.5834
456,falcon-1024,grande,23.3625,1.8603,0.1661,25.3889
457,falcon-1024,grande,23.5174,1.8576,0.1706,25.5456
458,falcon-1024,grande,20.9413,1.8576,0.1696,22.9685
459,falcon-1024,grande,22.1857,1.8588,0.1644,24.2090
460,falcon-1024,grande,28.4425,2.5112,0.1681,31.1217
461,falcon-1024,grande,35.5284,1.8697,0.1645,37.5626
462,falcon-1024,grande,22.7693,1.8656,0.1640,24.7989
463,falcon-1024,grande,37.1104,1.8815,0.1657,39.1576
464,falcon-1024,grande,36.1281,2.7217,0.1851,39.0349
465,falcon-1024,grande,22.2665,1.8843,0.1639,24.3147
466,falcon-1024,grande,22.5052,1.8541,0.1635,24.5228
467,falcon-1024,grande,19.8571,1.8467,0.1636,21.8674
468,falcon-1024,grande,23.6637,1.8574,0.1634,25.6844
469,falcon-1024,grande,19.4167,1.8551,0.1629,21.4348
470,falcon-1024,grande,28.0531,2.8309,0.1670,31.0510
471,falcon-1024,grande,33.6204,2.0222,0.1766,35.8193
472,falcon-1024,grande,23.9784,1.8706,0.1708,26.0198
473,falcon-1024,grande,21.9042,1.8606,0.1643,23.9291
474,falcon-1024,grande,20.5675,1.8796,0.1638,22.6110
475,falcon-1024,grande,36.4312,2.7969,0.1706,39.3987
476,falcon-1024,grande,23.7356,1.8784,0.1656,25.7796
477,falcon-1024,grande,20.1977,1.8697,0.1637,22.2310
478,falcon-1024,grande,22.0584,1.8624,0.1632,24.0841
479,falcon-1024,grande,19.4439,1.8675,0.1648,21.4762
480,falcon-1024,grande,19.7053,1.8644,0.1725,21.7421
481,falcon-1024,grande,46.2340,1.9317,0.1658,48.3315
482,falcon-1024,grande,32.5659,1.8784,0.1679,34.6123
483,falcon-1024,grande,19.4034,1.8535,0.1641,21.4210
484,falcon-1024,grande,28.1337,1.8624,0.1639,30.1599
485,falcon-1024,grande,19.8548,1.8863,0.1632,21.9043
486,falcon-1024,grande,20.9922,1.8671,0.1658,23.0250
487,falcon-1024,grande,22.2705,1.8716,0.1638,24.3059
488,falcon-1024,grande,19.4204,1.8455,0.1632,21.4291
489,falcon-1024,grande,23.5346,1.8727,0.1648,25.5721
490,falcon-1024,grande,21.8124,1.8747,0.1638,23.8508
491,falcon-1024,grande,20.8878,1.8485,0.1653,22.9016
492,falcon-1024,grande,41.4536,1.8872,0.1703,43.5112
493,falcon-1024,grande,22.5029,1.8639,0.1683,24.5351
494,falcon-1024,grande,21.7418,1.8579,0.1642,23.7640
495,falcon-1024,grande,21.1858,1.8735,0.1638,23.2231
496,falcon-1024,grande,25.4651,1.8731,0.1626,27.5008
497,falcon-1024,grande,21.4448,1.8723,0.1642,23.4813
498,falcon-1024,grande,32.4971,1.8851,0.1654,34.5475
499,falcon-1024,grande,20.0967,1.8707,0.1648,22.1322
500,falcon-1024,grande,23.3320,1.8794,0.1647,25.3761
501,falcon-1024,grande,25.6546,1.8661,0.1645,27.6851
502,falcon-1024,grande,20.1364,1.8683,0.1664,22.1711
503,falcon-1024,grande,29.2683,1.8904,0.1693,31.3280
504,falcon-1024,grande,36.6820,1.9074,0.1660,38.7554
505,falcon-1024,grande,24.7913,1.8536,0.1657,26.8106
506,falcon-1024,grande,26.5798,1.8526,0.1716,28.6039
507,falcon-1024,grande,21.3058,1.9070,0.1663,23.3791
508,falcon-1024,grande,23.4469,1.8795,0.1702,25.4966
509,falcon-1024,grande,19.5790,1.8915,0.1658,21.6363
510,falcon-1024,grande,21.7046,1.8614,0.1659,23.7320
511,falcon-1024,grande,19.8478,1.8563,0.1669,21.8710
512,falcon-1024,grande,23.5154,1.9217,0.1661,25.6033
513,falcon-1024,grande,31.6988,1.8865,0.1666,33.7518
514,falcon-1024,grande,27.8572,1.8937,0.1649,29.9158
515,falcon-1024,grande,20.2708,1.8913,0.1649,22.3269
516,falcon-1024,grande,19.4722,1.8638,0.1666,21.5026
517,falcon-1024,grande,20.7421,1.8630,0.1654,22.7705
518,falcon-1024,grande,23.5269,1.8767,0.1651,25.5687
519,falcon-1024,grande,19.3634,1.8633,0.1636,21.3903
520,falcon-1024,grande,19.3710,1.8678,0.1626,21.4014
521,falcon-1024,grande,22.2906,2.8977,0.1679,25.3562
522,falcon-1024,grande,45.5918,1.8560,0.1666,47.6144
523,falcon-1024,grande,41.8219,1.8707,0.1651,43.8578
524,falcon-1024,grande,20.6928,1.8808,0.1651,22.7388
525,falcon-1024,grande,33.4760,1.8834,0.1659,35.5254
526,falcon-1024,grande,25.5079,1.8516,0.1635,27.5231
527,falcon-1024,grande,43.2297,1.8783,0.1648,45.2728
528,falcon-1024,grande,22.5307,1.8683,0.1716,24.5707
529,falcon-1024,grande,21.2211,1.8712,0.1634,23.2557
530,falcon-1024,grande,23.5030,1.8792,0.1651,25.5473
531,falcon-1024,grande,22.0987,1.8741,0.1684,24.1413
532,falcon-1024,grande,19.3630,1.8868,0.1636,21.4135
533,falcon-1024,grande,19.3106,1.8474,0.1644,21.3224
534,falcon-1024,grande,35.1168,1.8798,0.1639,37.1606
535,falcon-1024,grande,21.8401,1.8665,0.1636,23.8701
536,falcon-1024,grande,31.7893,1.8604,0.1638,33.8135
537,falcon-1024,grande,35.0140,2.8667,0.1711,38.0518
538,falcon-1024,grande,19.6861,1.8572,0.1631,21.7064
539,falcon-1024,grande,23.9174,1.8586,0.1649,25.9409
540,falcon-1024,grande,19.8671,1.8647,0.1636,21.8955
541,falcon-1024,grande,21.0163,1.8834,0.1655,23.0652
542,falcon-1024,grande,37.3470,1.9141,0.1690,39.4301
543,falcon-1024,grande,25.4411,1.8991,0.1679,27.5081
544,falcon-1024,grande,22.0329,1.9143,0.1663,24.1134
545,falcon-1024,grande,30.0521,1.9191,0.1691,32.1403
546,falcon-1024,grande,24.7361,1.9290,0.1690,26.8342
547,falcon-1024,grande,22.6506,1.9235,0.1691,24.7432
548,falcon-1024,grande,21.0790,2.5749,0.1786,23.8325
549,falcon-1024,grande,22.7872,1.9119,0.1665,24.8657
550,falcon-1024,grande,23.8523,1.8543,0.1642,25.8707
551,falcon-1024,grande,30.1460,1.8664,0.1633,32.1756
552,falcon-1024,grande,19.9638,1.8788,0.1690,22.0116
553,falcon-1024,grande,22.6745,1.8717,0.1657,24.7119
554,falcon-1024,grande,22.9796,1.8898,0.1664,25.0359
555,falcon-1024,grande,19.9176,1.8983,0.1630,21.9789
556,falcon-1024,grande,19.7853,1.8533,0.1641,21.8027
557,falcon-1024,grande,40.9455,1.8929,0.1663,43.0047
558,falcon-1024,grande,26.7814,1.8693,0.1641,28.8147
559,falcon-1024,grande,35.2335,1.8863,0.1777,37.2976
560,falcon-1024,grande,29.4756,1.8717,0.1645,31.5118
561,falcon-1024,grande,21.4940,1.8889,0.1638,23.5467
562,falcon-1024,grande,41.5287,1.8882,0.1680,43.5849
563,falcon-1024,grande,25.9198,1.8784,0.1648,27.9630
564,falcon-1024,grande,23.5019,1.8809,0.1765,25.5594
565,falcon-1024,grande,21.6491,1.8658,0.1626,23.6775
566,falcon-1024,grande,26.0676,1.8742,0.1639,28.1057
567,falcon-1024,grande,30.4754,1.8803,0.1639,32.5196
568,falcon-1024,grande,34.4568,1.8776,0.1653,36.4997
569,falcon-1024,grande,25.2991,1.8563,0.1688,27.3242
570,falcon-1024,grande,23.1360,1.8581,0.1629,25.1571
571,falcon-1024,grande,38.7643,1.8815,0.1705,40.8163
572,falcon-1024,grande,24.2419,1.8761,0.1653,26.2832
573,falcon-1024,grande,26.7280,1.8687,0.1704,28.7670
574,falcon-1024,grande,20.6374,1.8715,0.1632,22.6721
575,falcon-1024,grande,26.4658,1.8723,0.1671,28.5052
576,falcon-1024,grande,26.8857,1.8715,0.1646,28.9218
577,falcon-1024,grande,21.0128,1.8507,0.1634,23.0269
578,falcon-1024,grande,23.3464,1.8786,0.1654,25.3903
579,falcon-1024,grande,22.7380,1.8692,0.1664,24.7735
580,falcon-1024,grande,21.0787,1.8918,0.1660,23.1365
581,falcon-1024,grande,21.2360,1.8661,0.1654,23.2675
582,falcon-1024,grande,21.1349,1.8607,0.1686,23.1642
583,falcon-1024,grande,19.8080,1.9014,0.1668,21.8762
584,falcon-1024,grande,20.6526,1.8851,0.1694,22.7071
585,falcon-1024,grande,30.5714,1.9216,0.1659,32.6589
586,falcon-1024,grande,33.3115,1.8669,0.1662,35.3446
587,falcon-1024,grande,21.3068,1.8552,0.1646,23.3265
588,falcon-1024,grande,19.8250,1.9034,0.1677,21.8962
589,falcon-1024,grande,25.4507,1.8707,0.1627,27.4841
590,falcon-1024,grande,19.3908,1.8641,0.1634,21.4183
591,falcon-1024,grande,23.2922,1.8703,0.1689,25.3315
592,falcon-1024,grande,20.5433,1.8770,0.1659,22.5862
593,falcon-1024,grande,22.9794,1.8451,0.1641,24.9887
594,falcon-1024,grande,21.4158,1.8656,0.1688,23.4502
595,falcon-1024,grande,20.7693,1.8662,0.1628,22.7984
596,falcon-1024,grande,22.7707,1.9033,0.1634,24.8374
597,falcon-1024,grande,24.6744,1.8794,0.1660,26.7198
598,falcon-1024,grande,19.7927,1.8939,0.1648,21.8513
599,falcon-1024,grande,26.4502,1.8626,0.1640,28.4768
600,falcon-1024,grande,21.2335,1.8613,0.1704,23.2653
601,falcon-1024,grande,21.8915,1.8579,0.1674,23.9168
602,falcon-1024,grande,26.6017,1.8698,0.1652,28.6367
603,falcon-1024,grande,21.6465,2.8182,0.1714,24.6361
604,falcon-1024,grande,22.6911,1.8869,0.1696,24.7475
605,falcon-1024,grande,30.5274,1.8641,0.1645,32.5561
606,falcon-1024,grande,28.4603,1.8896,0.1674,30.5173
607,falcon-1024,grande,28.2072,1.8622,0.1642,30.2336
608,falcon-1024,grande,28.0976,1.8967,0.1691,30.1634
609,falcon-1024,grande,20.3422,1.8487,0.1648,22.3558
610,falcon-1024,grande,20.6564,1.8569,0.1651,22.6783
611,falcon-1024,grande,31.7933,1.8833,0.1641,33.8406
612,falcon-1024,grande,29.4044,1.8787,0.1681,31.4512
613,falcon-1024,grande,33.6924,1.8796,0.1650,35.7369
614,falcon-1024,grande,19.6548,1.8714,0.1631,21.6893
615,falcon-1024,grande,23.1579,1.8579,0.1652,25.1811
616,falcon-1024,grande,21.8965,1.8811,0.1616,23.9392
617,falcon-1024,grande,38.3802,1.9003,0.1673,40.4478
618,falcon-1024,grande,20.7372,1.9240,0.1661,22.8273
619,falcon-1024,grande,22.0990,2.7627,0.1694,25.0312
620,falcon-1024,grande,19.6303,1.8880,0.1638,21.6821
621,falcon-1024,grande,25.5705,1.8589,0.1704,27.5998
622,falcon-1024,grande,19.8145,1.8604,0.1653,21.8402
623,falcon-1024,grande,23.4796,1.8818,0.1660,25.5273
624,falcon-1024,grande,23.8144,1.8817,0.1683,25.8643
625,falcon-1024,grande,31.7769,1.8600,0.1649,33.8018
626,falcon-1024,grande,22.9884,1.8640,0.1655,25.0179
627,falcon-1024,grande,32.7872,1.8697,0.1693,34.8262
628,falcon-1024,grande,20.8256,1.8751,0.1633,22.8641
629,falcon-1024,grande,25.1258,1.8616,0.1671,27.1544
630,falcon-1024,grande,19.3914,1.8765,0.1641,21.4320
631,falcon-1024,grande,26.6942,2.8361,0.1727,29.7030
632,falcon-1024,grande,25.0371,1.8463,0.1631,27.0465
633,falcon-1024,grande,22.8464,1.8579,0.1683,24.8726
634,falcon-1024,grande,21.2419,1.8814,0.1651,23.2884
635,falcon-1024,grande,33.4419,1.8786,0.1651,35.4856
636,falcon-1024,grande,21.3063,1.8776,0.9035,24.0874
637,falcon-1024,grande,34.0953,1.8876,0.1666,36.1496
638,falcon-1024,grande,48.1650,1.8731,0.1654,50.2034
639,falcon-1024,grande,28.8397,1.8644,0.1651,30.8693
640,falcon-1024,grande,19.8795,1.9067,0.1645,21.9507
641,falcon-1024,grande,20.7004,1.8784,0.1647,22.7435
642,falcon-1024,grande,36.3470,1.8537,0.1643,38.3651
643,falcon-1024,grande,20.7566,1.8603,0.1688,22.7857
644,falcon-1024,grande,21.6370,1.8653,0.1633,23.6657
645,falcon-1024,grande,20.1056,1.8754,0.1637,22.1447
646,falcon-1024,grande,19.4819,1.8651,0.1649,21.5118
647,falcon-1024,grande,22.2250,1.9049,0.1654,24.2953
648,falcon-1024,grande,22.5235,1.8863,0.1680,24.5778
649,falcon-1024,grande,38.3285,1.8870,0.1649,40.3804
650,falcon-1024,grande,20.9591,1.8620,0.1635,22.9845
651,falcon-1024,grande,24.7262,2.4673,0.1780,27.3715
652,falcon-1024,grande,24.2084,1.8966,0.1645,26.2694
653,falcon-1024,grande,22.1011,1.8557,0.1630,24.1198
654,falcon-1024,grande,30.4442,2.0456,0.1736,32.6635
655,falcon-1024,grande,19.6978,1.8696,0.1652,21.7326
656,falcon-1024,grande,19.4038,1.8774,0.1640,21.4453
657,falcon-1024,grande,33.6127,1.8750,0.1711,35.6588
658,falcon-1024,grande,26.0234,1.8600,0.1677,28.0511
659,falcon-1024,grande,20.3180,1.8880,0.1665,22.3725
660,falcon-1024,grande,19.4465,1.8659,0.1685,21.4809
661,falcon-1024,grande,37.6477,1.8735,0.1650,39.6862
662,falcon-1024,grande,22.4351,1.8667,0.1701,24.4719
663,falcon-1024,grande,23.3944,1.8675,0.1652,25.4270
664,falcon-1024,grande,22.9223,1.8632,0.1635,24.9490
665,falcon-1024,grande,26.9295,1.8669,0.1640,28.9604
666,falcon-1024,grande,26.2535,1.9002,0.1652,28.3189
667,falcon-1024,grande,25.6800,2.8867,0.1683,28.7350
668,falcon-1024,grande,21.1450,1.8850,0.1644,23.1944
669,falcon-1024,grande,25.2723,1.8638,0.1698,27.3060
670,falcon-1024,grande,32.1363,1.8754,0.1661,34.1778
671,falcon-1024,grande,49.2022,1.8945,0.1668,51.2634
672,falcon-1024,grande,20.1146,2.8577,0.1693,23.1416
673,falcon-1024,grande,19.4332,1.8699,0.1685,21.4716
674,falcon-1024,grande,26.9600,1.8668,0.1632,28.9900
675,falcon-1024,grande,23.2122,1.8496,0.1639,25.2256
676,falcon-1024,grande,22.2760,1.8613,0.1650,24.3023
677,falcon-1024,grande,38.8448,2.8496,0.1701,41.8645
678,falcon-1024,grande,21.1083,2.0650,0.1658,23.3391
679,falcon-1024,grande,34.8619,1.8657,0.1669,36.8945
680,falcon-1024,grande,31.1366,1.8819,0.1698,33.1883
681,falcon-1024,grande,20.5655,1.8676,0.1638,22.5970
682,falcon-1024,grande,34.1714,1.8490,0.1652,36.1856
683,falcon-1024,grande,20.1838,1.9118,0.1797,22.2753
684,falcon-1024,grande,21.1605,1.8487,0.1636,23.1729
685,falcon-1024,grande,33.4341,1.8755,0.1638,35.4734
686,falcon-1024,grande,25.4784,1.8681,0.1670,27.5135
687,falcon-1024,grande,29.0191,1.8822,0.1647,31.0660
688,falcon-1024,grande,22.4729,1.8783,0.1656,24.5167
689,falcon-1024,grande,19.5425,1.8960,0.1657,21.6042
690,falcon-1024,grande,23.4965,1.8896,0.1713,25.5574
691,falcon-1024,grande,31.6037,1.8720,0.1654,33.6411
692,falcon-1024,grande,38.8179,1.8792,0.1663,40.8634
693,falcon-1024,grande,34.2796,1.8830,0.1789,36.3414
694,falcon-1024,grande,46.0978,1.8738,0.1694,48.1410
695,falcon-1024,grande,21.7867,1.8970,0.1666,23.8503
696,falcon-1024,grande,35.7242,1.8804,0.1658,37.7704
697,falcon-1024,grande,28.4508,1.8853,0.1650,30.5011
698,falcon-1024,grande,31.6470,1.8963,0.1659,33.7091
699,falcon-1024,grande,20.1490,1.8696,0.1673,22.1860
700,falcon-1024,grande,20.1556,1.8617,0.1630,22.1803
701,falcon-1024,grande,26.5405,1.8669,0.1685,28.5759
702,falcon-1024,grande,20.0776,1.8544,0.1719,22.1039
703,falcon-1024,grande,20.6547,1.8762,0.1645,22.6954
704,falcon-1024,grande,22.0415,1.8923,0.1660,24.0999
705,falcon-1024,grande,19.6967,1.8719,0.1638,21.7324
706,falcon-1024,grande,26.5313,1.8845,0.1738,28.5896
707,falcon-1024,grande,25.1082,2.8897,0.1710,28.1688
708,falcon-1024,grande,22.9441,1.9158,0.1655,25.0255
709,falcon-1024,grande,22.7645,1.8693,0.1683,24.8022
710,falcon-1024,grande,19.4298,1.8624,0.1638,21.4561
711,falcon-1024,grande,20.1322,1.8671,0.1623,22.1616
712,falcon-1024,grande,19.6633,1.8725,0.1697,21.7055
713,falcon-1024,grande,41.0906,1.8816,0.1658,43.1381
714,falcon-1024,grande,19.5079,1.8787,0.1643,21.5509
715,falcon-1024,grande,24.2385,1.8795,0.1675,26.2855
716,falcon-1024,grande,28.9333,1.8799,0.1634,30.9766
717,falcon-1024,grande,23.3693,1.9015,0.1630,25.4338
718,falcon-1024,grande,25.6988,1.8643,0.1682,27.7313
719,falcon-1024,grande,24.1770,1.8721,0.1658,26.2149
720,falcon-1024,grande,21.0580,1.8479,0.1637,23.0696
721,falcon-1024,grande,20.7947,1.8642,0.1664,22.8253
722,falcon-1024,grande,61.4875,1.9830,0.1681,63.6386
723,falcon-1024,grande,23.2160,2.0393,0.2064,25.4617
724,falcon-1024,grande,30.4201,2.6542,0.2150,33.2893
725,falcon-1024,grande,34.5371,1.9777,0.1676,36.6824
726,falcon-1024,grande,19.9878,1.8874,0.1684,22.0436
727,falcon-1024,grande,27.1454,1.8744,0.1655,29.1853
728,falcon-1024,grande,19.4407,1.9016,0.1666,21.5088
729,falcon-1024,grande,45.9028,1.8943,0.1865,47.9836
730,falcon-1024,grande,24.1415,1.9408,0.1658,26.2482
731,falcon-1024,grande,23.1047,1.8532,0.1679,25.1258
732,falcon-1024,grande,22.1743,1.8809,0.1661,24.2213
733,falcon-1024,grande,21.6735,1.8770,0.1678,23.7183
734,falcon-1024,grande,35.1577,1.8805,0.1644,37.2027
735,falcon-1024,grande,29.9506,1.8470,0.1637,31.9613
736,falcon-1024,grande,26.6893,1.8804,0.1633,28.7331
737,falcon-1024,grande,20.8647,1.8918,0.1641,22.9207
738,falcon-1024,grande,19.4150,3.0124,0.1679,22.5954
739,falcon-1024,grande,57.2702,1.9017,0.1706,59.3424
740,falcon-1024,grande,21.9976,1.8818,0.1640,24.0434
741,falcon-1024,grande,23.9838,1.8557,0.1684,26.0079
742,falcon-1024,grande,39.7607,1.8971,0.1667,41.8244
743,falcon-1024,grande,26.6314,1.8676,0.1658,28.6648
744,falcon-1024,grande,31.8886,1.8681,0.1655,33.9222
745,falcon-1024,grande,21.4589,1.8918,0.1639,23.5145
746,falcon-1024,grande,20.7873,1.8785,0.1637,22.8295
747,falcon-1024,grande,25.6110,1.8733,0.1658,27.6501
748,falcon-1024,grande,19.6933,1.8492,0.1662,21.7088
749,falcon-1024,grande,29.4581,1.8651,0.1644,31.4876
750,falcon-1024,grande,21.0277,1.8794,0.1641,23.0712
751,falcon-1024,grande,22.0434,1.8653,0.1629,24.0716
752,falcon-1024,grande,21.9840,1.8757,0.1629,24.0226
753,falcon-1024,grande,26.0781,1.9115,0.1670,28.1566
754,falcon-1024,grande,19.3907,1.8507,0.1643,21.4056
755,falcon-1024,grande,34.3614,1.8771,0.1638,36.4024
756,falcon-1024,grande,21.1701,1.8843,0.1647,23.2190
757,falcon-1024,grande,26.3049,1.8999,0.1747,28.3795
758,falcon-1024,grande,22.4964,1.8923,0.1661,24.5548
759,falcon-1024,grande,20.1710,1.9087,0.1802,22.2599
760,falcon-1024,grande,30.7816,1.8613,0.1657,32.8086
761,falcon-1024,grande,20.1428,1.8553,0.1682,22.1662
762,falcon-1024,grande,19.9662,1.8649,0.1688,21.9999
763,falcon-1024,grande,21.9597,1.8722,0.1678,23.9997
764,falcon-1024,grande,24.7173,1.8686,0.1635,26.7494
765,falcon-1024,grande,28.1462,1.8937,0.1704,30.2103
766,falcon-1024,grande,28.9170,1.8761,0.1697,30.9628
767,falcon-1024,grande,19.6632,1.8802,0.1651,21.7085
768,falcon-1024,grande,19.7467,1.8794,0.1650,21.7911
769,falcon-1024,grande,33.1882,1.8798,0.1644,35.2324
770,falcon-1024,grande,25.9274,1.8955,0.1661,27.9889
771,falcon-1024,grande,20.0633,1.8684,0.1633,22.0950
772,falcon-1024,grande,22.1613,1.8664,0.1748,24.2024
773,falcon-1024,grande,31.5893,1.8831,0.1654,33.6377
774,falcon-1024,grande,21.4610,1.8730,0.1718,23.5058
775,falcon-1024,grande,19.6954,2.8637,0.1761,22.7353
776,falcon-1024,grande,20.1520,1.8982,0.1632,22.2135
777,falcon-1024,grande,20.1817,1.8658,0.1664,22.2139
778,falcon-1024,grande,21.3722,1.8637,0.1638,23.3997
779,falcon-1024,grande,31.9796,1.8848,0.1672,34.0316
780,falcon-1024,grande,20.8910,1.8722,0.1641,22.9273
781,falcon-1024,grande,20.2704,1.8796,0.1660,22.3160
782,falcon-1024,grande,26.4150,1.8969,0.1660,28.4778
783,falcon-1024,grande,29.7696,1.8930,0.1663,31.8289
784,falcon-1024,grande,38.6005,1.8803,0.1664,40.6472
785,falcon-1024,grande,23.7830,1.8777,0.1668,25.8275
786,falcon-1024,grande,34.6332,1.8773,0.1672,36.6777
787,falcon-1024,grande,21.0797,1.8652,0.1646,23.1095
788,falcon-1024,grande,20.8860,1.8612,0.1673,22.9144
789,falcon-1024,grande,19.3702,1.8734,0.1668,21.4104
790,falcon-1024,grande,21.1466,1.8982,0.1660,23.2108
791,falcon-1024,grande,36.9375,1.8775,0.1666,38.9817
792,falcon-1024,grande,24.2200,1.8736,0.1654,26.2589
793,falcon-1024,grande,33.0065,1.8631,0.1630,35.0325
794,falcon-1024,grande,41.1987,1.8834,0.1654,43.2476
795,falcon-1024,grande,23.2758,1.8821,0.1680,25.3259
796,falcon-1024,grande,35.2138,1.8707,0.1664,37.2510
797,falcon-1024,grande,19.3897,1.8866,0.1654,21.4417
798,falcon-1024,grande,23.8119,1.8856,0.1651,25.8626
799,falcon-1024,grande,20.2479,1.8615,0.1675,22.2769
800,falcon-1024,grande,20.7041,1.8635,0.1636,22.7312
801,falcon-1024,grande,19.4061,1.8729,0.1637,21.4427
802,falcon-1024,grande,20.3152,1.9016,0.1697,22.3866
803,falcon-1024,grande,22.6047,1.8756,0.1651,24.6454
804,falcon-1024,grande,21.5883,1.8665,0.1636,23.6184
805,falcon-1024,grande,23.8879,1.8763,0.1640,25.9283
806,falcon-1024,grande,21.7341,1.8623,0.1640,23.7603
807,falcon-1024,grande,22.5004,1.8620,0.1630,24.5255
808,falcon-1024,grande,22.3773,1.8690,0.1632,24.4095
809,falcon-1024,grande,19.3769,3.1537,0.1695,22.7001
810,falcon-1024,grande,20.7219,1.8869,0.1688,22.7776
811,falcon-1024,grande,59.1138,1.8737,0.1642,61.1517
812,falcon-1024,grande,24.6381,1.8642,0.1678,26.6702
813,falcon-1024,grande,19.8361,2.1349,0.2015,22.1725
814,falcon-1024,grande,42.2175,1.9066,0.1676,44.2916
815,falcon-1024,grande,23.4821,1.8641,0.1639,25.5101
816,falcon-1024,grande,21.3263,1.8721,0.1632,23.3616
817,falcon-1024,grande,23.1838,1.8674,0.1671,25.2183
818,falcon-1024,grande,23.7360,1.8756,0.1654,25.7770
819,falcon-1024,grande,30.9183,1.8858,0.1661,32.9702
820,falcon-1024,grande,21.0022,1.8686,0.1643,23.0351
821,falcon-1024,grande,21.8036,1.8643,0.1626,23.8305
822,falcon-1024,grande,22.5877,1.8670,0.1645,24.6192
823,falcon-1024,grande,28.5492,1.8773,0.1654,30.5919
824,falcon-1024,grande,31.8423,1.8705,0.1657,33.8785
825,falcon-1024,grande,21.1677,1.8967,0.1657,23.2301
826,falcon-1024,grande,20.0837,1.8517,0.1631,22.0984
827,falcon-1024,grande,21.2064,1.8805,0.1642,23.2511
828,falcon-1024,grande,22.1557,1.8717,0.1705,24.1979
829,falcon-1024,grande,37.1431,1.9202,0.1679,39.2312
830,falcon-1024,grande,28.4144,1.9035,0.1747,30.4925
831,falcon-1024,grande,21.9878,1.8644,0.1638,24.0160
832,falcon-1024,grande,20.9665,1.8786,0.1660,23.0111
833,falcon-1024,grande,25.0498,1.8899,0.1661,27.1058
834,falcon-1024,grande,24.4469,1.8877,0.1664,26.5011
835,falcon-1024,grande,19.6641,1.8825,0.1676,21.7142
836,falcon-1024,grande,35.1322,1.8938,0.1670,37.1930
837,falcon-1024,grande,22.6234,1.8551,0.1675,24.6460
838,falcon-1024,grande,25.2260,1.8799,0.1676,27.2735
839,falcon-1024,grande,22.0108,1.8835,0.1691,24.0635
840,falcon-1024,grande,28.0558,1.8601,0.1691,30.0850
841,falcon-1024,grande,22.7185,3.0847,0.1720,25.9752
842,falcon-1024,grande,25.2148,1.8929,0.1650,27.2727
843,falcon-1024,grande,23.4307,1.8790,0.1639,25.4736
844,falcon-1024,grande,27.5361,1.8707,0.1636,29.5703
845,falcon-1024,grande,21.7274,1.8874,0.1678,23.7826
846,falcon-1024,grande,27.7257,1.8733,0.1649,29.7639
847,falcon-1024,grande,20.5464,1.8712,0.1646,22.5821
848,falcon-1024,grande,26.6034,1.8743,0.1671,28.6447
849,falcon-1024,grande,53.0823,1.8939,0.1699,55.1461
850,falcon-1024,grande,47.2147,1.8759,0.1696,49.2601
851,falcon-1024,grande,23.1787,1.8572,0.1647,25.2006
852,falcon-1024,grande,22.3774,1.8674,0.1642,24.4089
853,falcon-1024,grande,19.8433,1.8585,0.1627,21.8645
854,falcon-1024,grande,21.0469,1.8775,0.1641,23.0885
855,falcon-1024,grande,29.3758,1.8764,0.1762,31.4283
856,falcon-1024,grande,30.2311,1.8634,0.1646,32.2591
857,falcon-1024,grande,22.5711,1.8695,0.1657,24.6063
858,falcon-1024,grande,26.1079,1.8671,0.1683,28.1433
859,falcon-1024,grande,23.2260,1.8923,0.1638,25.2821
860,falcon-1024,grande,20.3105,1.8699,0.1643,22.3447
861,falcon-1024,grande,40.0512,1.8785,0.1672,42.0969
862,falcon-1024,grande,27.0598,1.8747,0.1642,29.0987
863,falcon-1024,grande,24.1986,1.8590,0.1634,26.2210
864,falcon-1024,grande,21.4208,1.8873,0.1627,23.4707
865,falcon-1024,grande,20.0973,3.1209,0.1757,23.3939
866,falcon-1024,grande,20.9837,1.8640,0.1715,23.0192
867,falcon-1024,grande,19.9241,1.8659,0.1716,21.9615
868,falcon-1024,grande,24.7059,1.8547,0.1694,26.7299
869,falcon-1024,grande,19.3706,1.8644,0.1662,21.4012
870,falcon-1024,grande,19.6573,1.8736,0.1641,21.6950
871,falcon-1024,grande,23.6888,1.9243,0.1683,25.7815
872,falcon-1024,grande,33.9479,1.9075,0.1656,36.0210
873,falcon-1024,grande,26.0030,1.8595,0.1646,28.0271
874,falcon-1024,grande,20.4919,1.8802,0.1629,22.5350
875,falcon-1024,grande,22.0978,1.9267,0.1681,24.1926
876,falcon-1024,grande,22.8297,1.8542,0.1641,24.8479
877,falcon-1024,grande,23.3378,1.8542,0.1634,25.3554
878,falcon-1024,grande,42.4690,1.8660,0.1745,44.5095
879,falcon-1024,grande,29.0316,1.8698,0.1673,31.0688
880,falcon-1024,grande,19.3832,2.0294,0.1640,21.5766
881,falcon-1024,grande,24.2230,1.8610,0.1681,26.2520
882,falcon-1024,grande,24.2329,1.9023,0.1676,26.3028
883,falcon-1024,grande,22.3371,1.8531,0.1632,24.3534
884,falcon-1024,grande,20.0743,1.8765,0.1644,22.1152
885,falcon-1024,grande,19.6430,1.8612,0.1639,21.6681
886,falcon-1024,grande,22.7852,1.8738,0.1645,24.8235
887,falcon-1024,grande,40.3431,1.8650,0.1624,42.3705
888,falcon-1024,grande,48.3941,1.8925,0.1662,50.4528
889,falcon-1024,grande,22.4288,1.9036,0.1644,24.4968
890,falcon-1024,grande,19.8073,1.8660,0.1640,21.8373
891,falcon-1024,grande,20.9958,1.8650,0.1646,23.0254
892,falcon-1024,grande,28.9512,1.8812,0.1638,30.9962
893,falcon-1024,grande,19.9526,2.8702,0.1700,22.9928
894,falcon-1024,grande,23.9470,1.8597,0.1654,25.9722
895,falcon-1024,grande,39.9539,1.8698,0.1645,41.9882
896,falcon-1024,grande,22.1849,1.8704,0.1638,24.2191
897,falcon-1024,grande,20.4135,1.8543,0.1628,22.4306
898,falcon-1024,grande,36.7169,3.0170,0.2701,40.0040
899,falcon-1024,grande,22.2259,1.8791,0.1644,24.2695
900,falcon-1024,grande,19.3734,1.8486,0.1647,21.3867
901,falcon-1024,grande,21.7519,1.8436,0.1678,23.7634
902,falcon-1024,grande,22.3746,1.9132,0.1632,24.4510
903,falcon-1024,grande,22.1498,1.8874,0.1653,24.2025
904,falcon-1024,grande,23.2232,1.9272,0.1690,25.3194
905,falcon-1024,grande,26.1093,1.9123,0.1668,28.1883
906,falcon-1024,grande,45.9361,1.9579,0.1742,48.0683
907,falcon-1024,grande,19.9318,1.8916,0.1714,21.9949
908,falcon-1024,grande,38.0472,3.0781,0.1708,41.2961
909,falcon-1024,grande,21.6746,1.8661,0.1682,23.7089
910,falcon-1024,grande,30.4639,1.9524,0.1694,32.5857
911,falcon-1024,grande,21.8674,1.9278,0.1660,23.9612
912,falcon-1024,grande,20.3940,1.8836,0.1735,22.4511
913,falcon-1024,grande,33.9676,1.8914,0.1715,36.0305
914,falcon-1024,grande,25.3147,2.6702,0.1728,28.1578
915,falcon-1024,grande,28.4446,1.8500,0.1639,30.4585
916,falcon-1024,grande,28.1750,1.8677,0.1640,30.2066
917,falcon-1024,grande,29.2449,1.9018,0.1666,31.3133
918,falcon-1024,grande,25.5594,1.8604,0.1650,27.5849
919,falcon-1024,grande,22.1659,1.8634,0.1710,24.2003
920,falcon-1024,grande,19.6600,1.8936,0.1638,21.7173
921,falcon-1024,grande,19.6437,1.8839,0.1685,21.6962
922,falcon-1024,grande,21.6632,1.8655,0.1657,23.6945
923,falcon-1024,grande,22.0364,1.8604,0.1680,24.0648
924,falcon-1024,grande,21.2880,1.8987,0.1684,23.3551
925,falcon-1024,grande,24.8486,1.8962,0.1678,26.9125
926,falcon-1024,grande,20.7407,1.8694,0.1676,22.7777
927,falcon-1024,grande,22.9175,1.8834,0.1635,24.9643
928,falcon-1024,grande,35.3308,1.8739,0.1634,37.3680
929,falcon-1024,grande,21.8544,1.8976,0.1699,23.9219
930,falcon-1024,grande,20.7064,1.8614,0.1649,22.7326
931,falcon-1024,grande,19.3430,1.8760,0.1660,21.3851
932,falcon-1024,grande,25.1110,1.8872,0.1651,27.1633
933,falcon-1024,grande,22.4107,1.8888,0.1662,24.4657
934,falcon-1024,grande,27.0779,1.8694,0.1669,29.1142
935,falcon-1024,grande,24.7283,1.8703,0.1650,26.7637
936,falcon-1024,grande,33.7344,1.8676,0.1681,35.7701
937,falcon-1024,grande,21.2413,1.8825,0.1662,23.2900
938,falcon-1024,grande,27.5733,1.8655,0.1716,29.6103
939,falcon-1024,grande,23.5808,1.8608,0.1631,25.6048
940,falcon-1024,grande,21.2372,1.8740,0.1651,23.2763
941,falcon-1024,grande,32.0346,1.8994,0.1704,34.1044
942,falcon-1024,grande,25.2483,1.8617,0.1668,27.2768
943,falcon-1024,grande,20.6646,1.8756,0.1873,22.7275
944,falcon-1024,grande,22.6735,1.8973,0.1658,24.7366
945,falcon-1024,grande,28.6737,1.8829,0.1658,30.7224
946,falcon-1024,grande,19.9606,1.8857,0.1632,22.0094
947,falcon-1024,grande,29.5054,1.8775,0.1673,31.5503
948,falcon-1024,grande,25.2011,1.8906,0.1673,27.2589
949,falcon-1024,grande,21.6191,1.8683,0.1681,23.6556
950,falcon-1024,grande,35.5624,1.8736,0.1639,37.6000
951,falcon-1024,grande,21.8388,1.8747,0.1652,23.8787
952,falcon-1024,grande,20.4627,1.9009,0.1704,22.5341
953,falcon-1024,grande,27.5291,1.8752,0.1645,29.5688
954,falcon-1024,grande,27.5193,1.8554,0.1636,29.5383
955,falcon-1024,grande,24.5754,1.8639,0.1698,26.6092
956,falcon-1024,grande,20.4107,1.8596,0.1629,22.4332
957,falcon-1024,grande,47.3639,1.8814,0.1640,49.4093
958,falcon-1024,grande,29.3685,1.9252,0.1708,31.4646
959,falcon-1024,grande,19.6336,1.8609,0.1640,21.6586
960,falcon-1024,grande,19.4134,1.8621,0.1635,21.4390
961,falcon-1024,grande,20.9409,1.8647,0.1639,22.9695
962,falcon-1024,grande,24.2646,1.8871,0.1653,26.3171
963,falcon-1024,grande,23.1157,1.8674,0.1652,25.1484
964,falcon-1024,grande,22.8095,1.8863,0.1648,24.8606
965,falcon-1024,grande,38.4227,1.8672,0.1685,40.4584
966,falcon-1024,grande,41.3023,1.8848,0.1710,43.3581
967,falcon-1024,grande,37.5830,1.8698,0.1678,39.6206
968,falcon-1024,grande,27.4341,1.9100,0.1768,29.5209
969,falcon-1024,grande,25.0747,1.8616,0.1651,27.1014
970,falcon-1024,grande,21.3169,1.8559,0.1670,23.3397
971,falcon-1024,grande,30.6118,1.8718,0.1676,32.6512
972,falcon-1024,grande,24.5665,1.8936,0.1667,26.6268
973,falcon-1024,grande,24.0824,1.8876,0.1652,26.1352
974,falcon-1024,grande,32.0566,1.8693,0.1627,34.0886
975,falcon-1024,grande,21.1609,1.8854,0.1663,23.2126
976,falcon-1024,grande,20.4940,1.8916,0.1674,22.5530
977,falcon-1024,grande,29.8900,1.8794,0.1640,31.9334
978,falcon-1024,grande,26.2438,2.0509,0.1647,28.4594
979,falcon-1024,grande,22.4429,1.8917,0.1684,24.5030
980,falcon-1024,grande,23.4870,1.8804,0.1664,25.5339
981,falcon-1024,grande,50.6044,1.8897,0.1650,52.6591
982,falcon-1024,grande,20.1627,1.8636,0.1658,22.1921
983,falcon-1024,grande,25.1079,1.8841,0.1653,27.1573
984,falcon-1024,grande,36.5856,1.8874,0.1679,38.6408
985,falcon-1024,grande,19.3819,1.8881,0.1623,21.4324
986,falcon-1024,grande,24.8628,1.8739,0.1687,26.9054
987,falcon-1024,grande,39.7437,1.8655,0.1658,41.7749
988,falcon-1024,grande,30.6440,1.8537,0.1633,32.6610
989,falcon-1024,grande,22.3162,1.8796,0.1704,24.3662
990,falcon-1024,grande,24.8048,1.8851,0.1650,26.8549
991,falcon-1024,grande,22.8331,1.8647,0.1642,24.8619
992,falcon-1024,grande,24.0027,1.8630,0.1634,26.0290
993,falcon-1024,grande,24.0860,1.8924,0.1672,26.1456
994,falcon-1024,grande,24.3883,1.8495,0.1638,26.4016
995,falcon-1024,grande,19.3802,1.8580,0.1631,21.4013
996,falcon-1024,grande,25.1832,1.8512,0.1627,27.1971
997,falcon-1024,grande,20.4121,1.8858,0.1715,22.4694
998,falcon-1024,grande,20.2826,1.9094,0.1668,22.3588
999,falcon-1024,grande,20.5654,3.4897,0.3232,24.3783
1000,falcon-1024,grande,28.8385,1.8416,0.1634,30.8436
