Version,Iteration,KeyGenTime,EncapTime,DecapTime,EncryptTime,DecryptTime,TotalTime
ML-KEM-512,1,1.2811,1.1209,1.4355,1.3913,0.1213,5.3502
ML-KEM-512,2,1.7413,1.0581,1.6946,0.1392,0.0827,4.7159
ML-KEM-512,3,1.1431,1.3751,1.6882,0.1494,0.0679,4.4238
ML-KEM-512,4,1.0809,1.3069,1.5198,0.1207,0.0666,4.0949
ML-KEM-512,5,0.9926,1.2235,1.5095,0.1337,0.0681,3.9273
ML-KEM-512,6,1.0548,1.1593,1.4286,0.1336,0.0725,3.8488
ML-KEM-512,7,0.9717,1.0270,1.0354,0.1479,0.0671,3.2490
ML-KEM-512,8,0.6672,0.8055,0.7313,0.1292,0.0689,2.4021
ML-KEM-512,9,0.5847,0.4762,0.4445,0.1165,0.0740,1.6960
ML-KEM-512,10,0.4129,0.3879,0.5781,0.1676,0.0758,1.6224
ML-KEM-512,11,0.5693,0.5407,0.6627,0.1961,0.0898,2.0586
ML-KEM-512,12,0.5803,0.6071,0.6469,0.2004,0.0817,2.1164
ML-KEM-512,13,0.5857,0.5043,0.6660,0.1717,0.0807,2.0085
ML-KEM-512,14,0.5822,0.4936,0.6354,0.1635,0.0854,1.9600
ML-KEM-512,15,0.5821,0.4121,0.4902,0.1373,0.0801,1.7018
ML-KEM-512,16,0.4881,0.3963,0.4756,0.1708,0.0996,1.6305
ML-KEM-512,17,0.5144,0.4202,0.5302,0.1742,0.0813,1.7203
ML-KEM-512,18,0.5735,0.3475,0.4650,0.1640,0.0810,1.6310
ML-KEM-512,19,0.4477,0.3391,0.5971,0.1363,0.0765,1.5967
ML-KEM-512,20,0.4737,0.3429,0.5155,0.1340,0.0742,1.5402
ML-KEM-512,21,0.4469,0.3258,0.4597,0.1457,0.0755,1.4535
ML-KEM-512,22,0.4213,0.3511,0.3575,0.1362,0.0576,1.3237
ML-KEM-512,23,0.4187,0.3210,0.3164,0.1025,0.0558,1.2144
ML-KEM-512,24,0.4884,0.3794,0.4039,0.1237,0.0718,1.4673
ML-KEM-512,25,0.6340,0.5797,0.4334,0.1311,0.0643,1.8426
ML-KEM-512,26,0.4012,0.2899,0.4675,0.1307,0.0696,1.3589
ML-KEM-512,27,0.3536,0.3135,0.4212,0.1401,0.0664,1.2949
ML-KEM-512,28,0.3592,0.2640,0.3674,0.1711,0.0640,1.2257
ML-KEM-512,29,0.3923,0.3577,0.3816,0.1494,0.0803,1.3613
ML-KEM-512,30,0.3893,0.2556,0.2815,0.1112,0.0620,1.0997
ML-KEM-512,31,0.3876,0.2183,0.2746,0.1494,0.0541,1.0840
ML-KEM-512,32,0.3301,0.2155,0.2886,0.1196,0.5285,1.4822
ML-KEM-512,33,0.4010,0.2201,0.2773,0.2002,0.0572,1.1558
ML-KEM-512,34,0.3286,0.2023,0.2929,0.1009,0.0526,0.9773
ML-KEM-512,35,0.3151,0.2432,0.2776,0.0992,0.0518,0.9869
ML-KEM-512,36,0.3406,0.2113,0.3129,0.1862,0.0663,1.1173
ML-KEM-512,37,0.4062,0.2360,0.3222,0.1193,0.0746,1.1583
ML-KEM-512,38,0.4058,0.2157,0.3231,0.1143,0.0524,1.1113
ML-KEM-512,39,0.3645,0.1951,0.2699,0.0966,0.0511,0.9772
ML-KEM-512,40,0.2900,0.1893,0.2691,0.0945,0.0902,0.9330
ML-KEM-512,41,0.4288,0.2862,0.3269,0.1806,0.0591,1.2815
ML-KEM-512,42,0.4510,0.2368,0.3935,0.1602,0.0489,1.2904
ML-KEM-512,43,0.3319,0.2364,0.2858,0.1122,0.0508,1.0171
ML-KEM-512,44,0.4148,0.2724,0.3500,0.1237,0.0536,1.2146
ML-KEM-512,45,0.3293,0.1982,0.2709,0.1117,0.0573,0.9674
ML-KEM-512,46,0.3007,0.1888,0.2823,0.0965,0.0468,0.9151
ML-KEM-512,47,0.3048,0.2115,0.2753,0.0946,0.0477,0.9340
ML-KEM-512,48,0.2866,0.2113,0.2818,0.1096,0.0608,0.9501
ML-KEM-512,49,0.3553,0.2455,0.4554,0.1890,0.0732,1.3184
ML-KEM-512,50,0.4255,0.2073,0.2860,0.1462,0.0509,1.1158
ML-KEM-512,51,0.2928,0.1462,0.2399,0.1020,0.0597,0.8406
ML-KEM-512,52,0.3640,0.1335,0.1985,0.0954,0.0496,0.8410
ML-KEM-512,53,0.3468,0.1479,0.1994,0.1118,0.0489,0.8548
ML-KEM-512,54,0.3362,0.1362,0.2071,0.1040,0.0394,0.8228
ML-KEM-512,55,0.3595,0.1288,0.2011,0.0978,0.0437,0.8310
ML-KEM-512,56,0.3261,0.1607,0.2519,0.1127,0.0525,0.9040
ML-KEM-512,57,0.3693,0.1544,0.2408,0.1083,0.0480,0.9208
ML-KEM-512,58,0.2605,0.1069,0.1844,0.0888,0.0371,0.6778
ML-KEM-512,59,0.3154,0.1088,0.1782,0.0951,0.0568,0.7543
ML-KEM-512,60,0.3999,0.1699,0.2433,0.1051,0.0677,0.9859
ML-KEM-512,61,0.4340,0.1605,0.2576,0.1567,0.0617,1.0705
ML-KEM-512,62,0.3890,0.1962,0.2782,0.1453,0.1154,1.1241
ML-KEM-512,63,0.4439,0.2040,0.2837,0.1338,0.0589,1.1244
ML-KEM-512,64,0.3572,0.1544,0.7887,0.1483,0.0797,1.5282
ML-KEM-512,65,0.3858,0.1675,0.2476,0.1295,0.0531,0.9835
ML-KEM-512,66,0.3957,0.1766,0.2530,0.1106,0.0507,0.9866
ML-KEM-512,67,0.4134,0.2008,0.2782,0.1387,0.0564,1.0876
ML-KEM-512,68,0.4217,0.2119,0.2761,0.1318,0.0520,1.0934
ML-KEM-512,69,0.3252,0.1342,0.2406,0.1108,0.0525,0.8633
ML-KEM-512,70,0.2980,0.1328,0.3035,0.1313,0.0500,0.9155
ML-KEM-512,71,0.3215,0.1545,0.2491,0.1101,0.0493,0.8844
ML-KEM-512,72,0.3190,0.1448,0.2460,0.1141,0.0543,0.8782
ML-KEM-512,73,0.4320,0.2182,0.2467,0.1442,0.0537,1.0949
ML-KEM-512,74,0.4024,0.1486,0.2454,0.1165,0.0522,0.9652
ML-KEM-512,75,0.3374,0.1578,0.2532,0.1149,0.0512,0.9145
ML-KEM-512,76,0.3459,0.1513,0.2552,0.1086,0.0477,0.9088
ML-KEM-512,77,0.4061,0.1748,0.2594,0.1550,0.0580,1.0533
ML-KEM-512,78,0.4210,0.1742,0.2398,0.1127,0.0529,1.0006
ML-KEM-512,79,0.3859,0.1452,0.2384,0.1581,0.0432,0.9707
ML-KEM-512,80,0.3084,0.1255,0.2355,0.1138,0.0540,0.8372
ML-KEM-512,81,0.4092,0.1745,0.2529,0.1406,0.0551,1.0323
ML-KEM-512,82,0.4416,0.1556,0.2384,0.1081,0.0490,0.9928
ML-KEM-512,83,0.3470,0.1467,0.2313,0.1125,0.0488,0.8862
ML-KEM-512,84,0.3101,0.1310,0.2450,0.1483,0.0539,0.8883
ML-KEM-512,85,0.4354,0.1600,0.2274,0.1251,0.0492,0.9972
ML-KEM-512,86,0.3321,0.1609,0.2379,0.1439,0.0499,0.9247
ML-KEM-512,87,0.3592,0.1747,0.2057,0.0923,0.0358,0.8677
ML-KEM-512,88,0.2809,0.1074,0.1674,0.0920,0.0356,0.6834
ML-KEM-512,89,0.2578,0.1182,0.1681,0.0797,0.0354,0.6592
ML-KEM-512,90,0.2608,0.1137,0.1708,0.0806,0.0352,0.6611
ML-KEM-512,91,0.2029,0.1134,0.1678,0.0802,0.0381,0.6024
ML-KEM-512,92,0.2597,0.1063,0.1794,0.0844,0.0365,0.6664
ML-KEM-512,93,0.2369,0.2399,0.2179,0.1069,0.0748,0.8764
ML-KEM-512,94,0.3181,0.1655,0.2272,0.1138,0.0468,0.8713
ML-KEM-512,95,0.2852,0.1498,0.2234,0.1057,0.0482,0.8124
ML-KEM-512,96,0.2883,0.1237,0.2232,0.1070,0.0593,0.8015
ML-KEM-512,97,0.3366,0.1763,0.2232,0.1487,0.0489,0.9338
ML-KEM-512,98,0.3119,0.1541,0.2150,0.1286,0.0426,0.8524
ML-KEM-512,99,0.3016,0.1020,0.2341,0.0916,0.0358,0.7651
ML-KEM-512,100,0.2530,0.0946,0.1617,0.1044,0.0409,0.6547
ML-KEM-512,101,0.2503,0.1195,0.1165,0.0914,0.0350,0.6126
ML-KEM-512,102,0.2873,0.1299,0.1276,0.0934,0.0425,0.6807
ML-KEM-512,103,0.2507,0.0882,0.1061,0.0855,0.0325,0.5630
ML-KEM-512,104,0.2234,0.0833,0.1215,0.0934,0.0350,0.5567
ML-KEM-512,105,0.2873,0.1025,0.0993,0.0959,0.0539,0.6390
ML-KEM-512,106,0.2726,0.0999,0.0947,0.0923,0.0354,0.5949
ML-KEM-512,107,0.2626,0.4011,0.1315,0.1014,0.0353,0.9319
ML-KEM-512,108,0.3470,0.1136,0.1065,0.0977,0.0354,0.7003
ML-KEM-512,109,0.2685,0.0983,0.0986,0.1105,0.0344,0.6102
ML-KEM-512,110,0.2481,0.0957,0.0944,0.0841,0.0367,0.5589
ML-KEM-512,111,0.2071,0.0799,0.1195,0.0814,0.0326,0.5206
ML-KEM-512,112,0.2259,0.0808,0.1030,0.1038,0.0350,0.5486
ML-KEM-512,113,0.2264,0.0929,0.0933,0.0926,0.0355,0.5408
ML-KEM-512,114,0.3322,0.1389,0.0948,0.1213,0.0473,0.7344
ML-KEM-512,115,0.2795,0.1174,0.0949,0.1440,0.0459,0.6816
ML-KEM-512,116,0.2947,0.1280,0.1003,0.1314,0.0887,0.7431
ML-KEM-512,117,0.2679,0.1006,0.0796,0.0870,0.0341,0.5692
ML-KEM-512,118,0.2520,0.1223,0.0851,0.0950,0.0369,0.5913
ML-KEM-512,119,0.2688,0.0953,0.0773,0.0960,0.0437,0.5811
ML-KEM-512,120,0.2934,0.0897,0.0774,0.1154,0.0328,0.6086
ML-KEM-512,121,0.2721,0.0965,0.0835,0.1053,0.0384,0.5958
ML-KEM-512,122,0.2858,0.1121,0.0832,0.1007,0.0343,0.6161
ML-KEM-512,123,0.2940,0.1177,0.0821,0.1065,0.0351,0.6356
ML-KEM-512,124,0.3515,0.1386,0.0937,0.1478,0.0371,0.7687
ML-KEM-512,125,0.3667,0.1444,0.1371,0.1463,0.0442,0.8386
ML-KEM-512,126,0.8903,0.1292,0.1230,0.1198,0.0411,1.3033
ML-KEM-512,127,0.3067,0.0901,0.0811,0.1019,0.0341,0.6138
ML-KEM-512,128,0.7012,0.1042,0.0935,0.0898,0.1223,1.1110
ML-KEM-512,129,0.2517,0.0959,0.0778,0.0966,0.0324,0.5545
ML-KEM-512,130,0.2551,0.0947,0.0847,0.0959,0.0317,0.5621
ML-KEM-512,131,0.2595,0.0916,0.0864,0.0888,0.0327,0.5590
ML-KEM-512,132,0.2452,0.0915,0.0826,0.0837,0.0331,0.5361
ML-KEM-512,133,0.2509,0.0867,0.1237,0.1144,0.0356,0.6113
ML-KEM-512,134,0.2975,0.1136,0.1038,0.1086,0.0504,0.6739
ML-KEM-512,135,0.2987,0.0983,0.0842,0.1114,0.0435,0.6362
ML-KEM-512,136,0.2497,0.1544,0.0812,0.0853,0.0319,0.6025
ML-KEM-512,137,0.2380,0.0906,0.0791,0.0769,0.0306,0.5151
ML-KEM-512,138,0.2487,0.0856,0.0758,0.0852,0.0610,0.5565
ML-KEM-512,139,0.3566,0.1154,0.1793,0.1169,0.0406,0.8087
ML-KEM-512,140,0.2866,0.1055,0.1234,0.1105,0.0387,0.6647
ML-KEM-512,141,0.2869,0.1261,0.1239,0.0934,0.0359,0.6662
ML-KEM-512,142,0.2456,0.0850,0.0808,0.1229,0.0367,0.5711
ML-KEM-512,143,0.2094,0.0815,0.1216,0.0917,0.0370,0.5412
ML-KEM-512,144,0.2359,0.0935,0.0827,0.0984,0.0336,0.5442
ML-KEM-512,145,0.2742,0.1343,0.0901,0.1278,0.0344,0.6608
ML-KEM-512,146,0.3009,0.1267,0.1248,0.1149,0.0377,0.7050
ML-KEM-512,147,0.3847,0.1346,0.1038,0.1389,0.0397,0.8016
ML-KEM-512,148,0.3058,0.1253,0.1273,0.0945,0.0375,0.6905
ML-KEM-512,149,0.2952,0.1106,0.0984,0.1059,0.0341,0.6442
ML-KEM-512,150,0.2962,0.1032,0.1120,0.0926,0.0345,0.6384
ML-KEM-512,151,0.3304,0.1329,0.1354,0.1074,0.0442,0.7502
ML-KEM-512,152,0.2678,0.1325,0.1221,0.1156,0.0750,0.7130
ML-KEM-512,153,0.3035,0.1192,0.1054,0.0856,0.0359,0.6496
ML-KEM-512,154,0.2551,0.1029,0.0903,0.0944,0.0346,0.5773
ML-KEM-512,155,0.2042,0.0869,0.0953,0.0908,0.0384,0.5155
ML-KEM-512,156,0.2688,0.1083,0.0899,0.0734,0.0413,0.5816
ML-KEM-512,157,0.2357,0.1121,0.0971,0.0906,0.0347,0.5703
ML-KEM-512,158,0.2419,0.1003,0.0955,0.0861,0.0471,0.5709
ML-KEM-512,159,0.3390,0.1322,0.1582,0.1392,0.0517,0.8203
ML-KEM-512,160,0.2779,0.1038,0.0979,0.0839,0.4835,1.0470
ML-KEM-512,161,0.3407,0.1582,0.1579,0.1308,0.0467,0.8343
ML-KEM-512,162,0.3220,0.1068,0.0963,0.1136,0.0424,0.6812
ML-KEM-512,163,0.2347,0.1127,0.0938,0.0968,0.0424,0.5803
ML-KEM-512,164,0.2853,0.1192,0.1155,0.0832,0.0557,0.6589
ML-KEM-512,165,0.3356,0.1235,0.1151,0.0925,0.0371,0.7036
ML-KEM-512,166,0.3245,0.1048,0.0965,0.1076,0.0385,0.6719
ML-KEM-512,167,0.2891,0.1369,0.1271,0.1359,0.0525,0.7416
ML-KEM-512,168,0.3755,0.1817,0.1720,0.1425,0.0575,0.9292
ML-KEM-512,169,0.4323,0.2098,0.1757,0.1292,0.0489,0.9960
ML-KEM-512,170,0.3636,0.1539,0.1324,0.1483,0.0465,0.8447
ML-KEM-512,171,0.4681,0.2343,0.1482,0.1618,0.0621,1.0746
ML-KEM-512,172,0.3824,0.1468,0.2142,0.1592,0.0503,0.9529
ML-KEM-512,173,0.4321,0.1692,0.1458,0.1414,0.0566,0.9450
ML-KEM-512,174,0.4027,0.1568,0.1678,0.1306,0.0534,0.9114
ML-KEM-512,175,0.4221,0.1598,0.1436,0.1534,0.0519,0.9308
ML-KEM-512,176,0.3293,0.2140,0.1361,0.1085,0.0444,0.8323
ML-KEM-512,177,0.3069,0.1672,0.1321,0.1142,0.0537,0.7740
ML-KEM-512,178,0.3441,0.1996,0.1434,0.1280,0.0719,0.8869
ML-KEM-512,179,0.4857,0.1417,0.1237,0.1353,0.0406,0.9270
ML-KEM-512,180,0.3917,0.1271,0.1422,0.1363,0.0603,0.8577
ML-KEM-512,181,0.3202,0.0994,0.1169,0.1889,0.0488,0.7741
ML-KEM-512,182,0.2432,0.1099,0.0897,0.0802,0.0360,0.5591
ML-KEM-512,183,0.3361,0.1273,0.0905,0.1152,0.0482,0.7173
ML-KEM-512,184,0.3091,0.1655,0.0986,0.0880,0.0349,0.6963
ML-KEM-512,185,0.2735,0.1283,0.0977,0.0900,0.0361,0.6257
ML-KEM-512,186,0.3542,0.1320,0.1192,0.1095,0.0412,0.7562
ML-KEM-512,187,0.3092,0.1300,0.1238,0.1262,0.0439,0.7331
ML-KEM-512,188,0.3534,0.1274,0.1293,0.1253,0.0492,0.7846
ML-KEM-512,189,0.3110,0.1357,0.1370,0.1511,0.0519,0.7867
ML-KEM-512,190,0.3170,0.1174,0.1177,0.0963,0.0359,0.6843
ML-KEM-512,191,0.3389,0.1166,0.0928,0.0899,0.0351,0.6733
ML-KEM-512,192,0.2819,0.1236,0.1024,0.0994,0.0462,0.6535
ML-KEM-512,193,0.2584,0.1363,0.1302,0.1097,0.0484,0.6830
ML-KEM-512,194,0.3284,0.2380,0.1215,0.1258,0.0476,0.8614
ML-KEM-512,195,0.3023,0.1400,0.1241,0.1814,0.0530,0.8008
ML-KEM-512,196,0.3424,0.1492,0.1187,0.1148,0.0464,0.7716
ML-KEM-512,197,0.3539,0.1584,0.2112,0.0830,0.0334,0.8399
ML-KEM-512,198,0.2450,0.1074,0.1093,0.0761,0.0305,0.5684
ML-KEM-512,199,0.2723,0.1102,0.1290,0.0932,0.0483,0.6530
ML-KEM-512,200,0.3013,0.1284,0.1244,0.1000,0.0307,0.6848
ML-KEM-512,201,0.2359,0.0937,0.0898,0.0583,0.0302,0.5079
ML-KEM-512,202,0.1929,0.0850,0.0877,0.0609,0.0282,0.4547
ML-KEM-512,203,0.1541,0.0924,0.1049,0.0525,0.0297,0.4336
ML-KEM-512,204,0.1770,0.0836,0.0851,0.0577,0.0278,0.4313
ML-KEM-512,205,0.1816,0.0738,0.1086,0.0613,0.0384,0.4638
ML-KEM-512,206,0.2010,0.0866,0.1069,0.0702,0.0286,0.4932
ML-KEM-512,207,0.2263,0.1000,0.0896,0.0642,0.0315,0.5116
ML-KEM-512,208,0.1993,0.0944,0.0878,0.0728,0.0312,0.4855
ML-KEM-512,209,0.2483,0.1093,0.0872,0.0752,0.2019,0.7219
ML-KEM-512,210,0.2545,0.1129,0.0903,0.0793,0.0312,0.5681
ML-KEM-512,211,0.2736,0.1235,0.0934,0.0900,0.0329,0.6134
ML-KEM-512,212,0.2718,0.1222,0.0891,0.0768,0.0289,0.5888
ML-KEM-512,213,0.3232,0.1087,0.0918,0.0846,0.0371,0.6453
ML-KEM-512,214,0.2510,0.1140,0.0906,0.0942,0.0344,0.5842
ML-KEM-512,215,0.3552,0.1007,0.0905,0.0783,0.0337,0.6584
ML-KEM-512,216,0.2857,0.1062,0.0885,0.0869,0.0312,0.5986
ML-KEM-512,217,0.2925,0.1372,0.0968,0.0886,0.0356,0.6506
ML-KEM-512,218,0.2533,0.0941,0.1021,0.0726,0.0289,0.5510
ML-KEM-512,219,0.2561,0.0937,0.0928,0.0705,0.0321,0.5451
ML-KEM-512,220,0.2472,0.0905,0.0980,0.0893,0.0316,0.5566
ML-KEM-512,221,0.2496,0.0901,0.0870,0.0723,0.0343,0.5333
ML-KEM-512,222,0.2529,0.0982,0.0909,0.0874,0.0303,0.5598
ML-KEM-512,223,0.3030,0.0998,0.0873,0.0771,0.0289,0.5962
ML-KEM-512,224,0.2633,0.0911,0.0888,0.0678,0.0478,0.5588
ML-KEM-512,225,0.2985,0.1109,0.0931,0.0811,0.0324,0.6159
ML-KEM-512,226,0.2952,0.0957,0.0848,0.0758,0.0291,0.5805
ML-KEM-512,227,0.2554,0.0866,0.0937,0.0679,0.0310,0.5346
ML-KEM-512,228,0.2354,0.1072,0.0912,0.0693,0.0308,0.5339
ML-KEM-512,229,0.2354,0.0950,0.0929,0.0807,0.0453,0.5494
ML-KEM-512,230,0.2402,0.0965,0.0871,0.0728,0.0286,0.5251
ML-KEM-512,231,0.2692,0.0897,0.0909,0.0790,0.0314,0.5603
ML-KEM-512,232,0.2348,0.0824,0.0892,0.1025,0.0316,0.5404
ML-KEM-512,233,0.2430,0.1512,0.0998,0.0827,0.0293,0.6060
ML-KEM-512,234,0.3103,0.1371,0.1210,0.0923,0.0431,0.7038
ML-KEM-512,235,0.3558,0.1371,0.3471,0.1008,0.0430,0.9838
ML-KEM-512,236,0.2630,0.0927,0.0862,0.0731,0.0299,0.5450
ML-KEM-512,237,0.2903,0.1031,0.0908,0.0673,0.0321,0.5836
ML-KEM-512,238,0.1986,0.1062,0.0886,0.0702,0.0348,0.4985
ML-KEM-512,239,0.2099,0.1001,0.0895,0.0687,0.0325,0.5006
ML-KEM-512,240,0.2189,0.0865,0.0873,0.0705,0.0305,0.4939
ML-KEM-512,241,0.1852,0.0879,0.0896,0.0761,0.0349,0.4737
ML-KEM-512,242,0.1917,0.0979,0.0879,0.0560,0.0304,0.4640
ML-KEM-512,243,0.1902,0.0835,0.0822,0.0585,0.0283,0.4427
ML-KEM-512,244,0.1773,0.0789,0.0888,0.0534,0.0443,0.4426
ML-KEM-512,245,0.3928,0.1340,0.1409,0.0993,0.0330,0.8000
ML-KEM-512,246,0.3579,0.1501,0.1286,0.1044,0.0417,0.7828
ML-KEM-512,247,0.2696,0.1409,0.1403,0.1302,0.0365,0.7175
ML-KEM-512,248,0.3012,0.1287,0.1195,0.1023,0.0388,0.6905
ML-KEM-512,249,0.2497,0.1474,0.1052,0.0804,0.0343,0.6171
ML-KEM-512,250,0.3115,0.1364,0.1243,0.1236,0.0580,0.7537
ML-KEM-512,251,0.3127,0.1231,0.1131,0.0808,0.0385,0.6684
ML-KEM-512,252,0.2982,0.1473,0.1188,0.1161,0.0441,0.7244
ML-KEM-512,253,0.3170,0.1120,0.0897,0.0912,0.0329,0.6428
ML-KEM-512,254,0.3258,0.1291,0.1437,0.1176,0.0953,0.8114
ML-KEM-512,255,0.3146,0.1171,0.1183,0.1236,0.0485,0.7221
ML-KEM-512,256,0.3111,0.1344,0.2487,0.1398,0.2853,1.1193
ML-KEM-512,257,0.3566,0.1958,0.1259,0.1265,0.0518,0.8566
ML-KEM-512,258,0.2879,0.1522,0.1134,0.1038,0.0399,0.6972
ML-KEM-512,259,0.3314,0.1249,0.1058,0.0936,0.0331,0.6889
ML-KEM-512,260,0.2683,0.1044,0.1204,0.1030,0.0333,0.6294
ML-KEM-512,261,0.2633,0.1147,0.1136,0.0845,0.0296,0.6057
ML-KEM-512,262,0.2493,0.1165,0.0880,0.0753,0.0353,0.5645
ML-KEM-512,263,0.2386,0.0927,0.0839,0.0763,0.0433,0.5348
ML-KEM-512,264,0.2603,0.1046,0.0902,0.0722,0.0302,0.5575
ML-KEM-512,265,0.2945,0.1232,0.1231,0.1267,0.0587,0.7262
ML-KEM-512,266,0.2452,0.1140,0.1149,0.1112,0.0684,0.6536
ML-KEM-512,267,0.2340,0.1115,0.0849,0.1246,0.0426,0.5975
ML-KEM-512,268,0.2641,0.0875,0.0855,0.0801,0.0373,0.5545
ML-KEM-512,269,0.2260,0.0850,0.1323,0.0948,0.0429,0.5810
ML-KEM-512,270,0.2386,0.0938,0.0854,0.1053,0.0397,0.5628
ML-KEM-512,271,0.2639,0.1135,0.0933,0.1261,0.0470,0.6439
ML-KEM-512,272,0.2645,0.0936,0.0936,0.0863,0.0465,0.5846
ML-KEM-512,273,0.2307,0.0969,0.0862,0.1099,0.0434,0.5671
ML-KEM-512,274,0.2815,0.1371,0.1087,0.1206,0.0419,0.6898
ML-KEM-512,275,0.2992,0.1213,0.1034,0.1021,0.0481,0.6741
ML-KEM-512,276,0.3299,0.1196,0.0941,0.1034,0.0409,0.6879
ML-KEM-512,277,0.2602,0.1229,0.1095,0.1051,0.0543,0.6520
ML-KEM-512,278,0.2715,0.1376,0.1157,0.1146,0.0739,0.7133
ML-KEM-512,279,0.2714,0.1272,0.1162,0.1124,0.0574,0.6846
ML-KEM-512,280,0.2544,0.0959,0.0885,0.0912,0.0384,0.5684
ML-KEM-512,281,0.2582,0.1251,0.0897,0.0942,0.0376,0.6049
ML-KEM-512,282,0.2487,0.1136,0.1529,0.1169,0.0436,0.6756
ML-KEM-512,283,0.2945,0.1127,0.0936,0.1380,0.0583,0.6971
ML-KEM-512,284,0.3001,0.1123,0.1185,0.1010,0.0421,0.6740
ML-KEM-512,285,0.3164,0.1423,0.1006,0.0914,0.0406,0.6913
ML-KEM-512,286,0.2603,0.0965,0.1112,0.0991,0.0470,0.6142
ML-KEM-512,287,0.2555,0.0983,0.0878,0.1208,0.0405,0.6028
ML-KEM-512,288,0.2427,0.0932,0.0936,0.0993,0.0595,0.5883
ML-KEM-512,289,0.2850,0.1162,0.0944,0.1485,0.0441,0.6882
ML-KEM-512,290,0.2757,0.1009,0.0957,0.1108,0.0408,0.6239
ML-KEM-512,291,0.2594,0.0989,0.0877,0.0989,0.0419,0.5868
ML-KEM-512,292,0.2997,0.1029,0.1465,0.1119,0.0718,0.7329
ML-KEM-512,293,0.2926,0.1118,0.0889,0.1106,0.0451,0.6490
ML-KEM-512,294,0.2574,0.0925,0.0879,0.0988,0.0417,0.5783
ML-KEM-512,295,0.3605,0.1257,0.0974,0.1376,0.0495,0.7708
ML-KEM-512,296,0.3225,0.1386,0.1978,0.1649,0.0697,0.8936
ML-KEM-512,297,0.2835,0.1201,0.1131,0.1223,0.0443,0.6833
ML-KEM-512,298,0.3321,0.1259,0.1358,0.1515,0.0606,0.8059
ML-KEM-512,299,0.2778,0.1127,0.0898,0.0903,0.0391,0.6097
ML-KEM-512,300,0.2847,0.1222,0.1089,0.1161,0.0463,0.6781
ML-KEM-512,301,0.3111,0.1254,0.1146,0.1388,0.0556,0.7455
ML-KEM-512,302,0.2704,0.1023,0.0998,0.1382,0.0545,0.6651
ML-KEM-512,303,0.2818,0.0916,0.0880,0.0982,0.0438,0.6034
ML-KEM-512,304,0.2617,0.1246,0.0917,0.1209,0.0449,0.6438
ML-KEM-512,305,0.3068,0.1576,0.1246,0.1701,0.0611,0.8204
ML-KEM-512,306,0.4311,0.1302,0.1120,0.1314,0.0497,0.8543
ML-KEM-512,307,0.2643,0.1191,0.0956,0.1139,0.0491,0.6420
ML-KEM-512,308,0.3212,0.1044,0.0893,0.0909,0.0408,0.6466
ML-KEM-512,309,0.2732,0.1255,0.1112,0.1302,0.0749,0.7150
ML-KEM-512,310,0.3365,0.1331,0.1195,0.1506,0.0757,0.8153
ML-KEM-512,311,0.3398,0.1330,0.1083,0.1209,0.0411,0.7431
ML-KEM-512,312,0.2999,0.1221,0.1143,0.1303,0.0488,0.7153
ML-KEM-512,313,0.2738,0.1285,0.1352,0.1158,0.0500,0.7033
ML-KEM-512,314,0.2795,0.1342,0.1116,0.0952,0.0721,0.6926
ML-KEM-512,315,0.2999,0.1349,0.2400,0.1206,0.0472,0.8425
ML-KEM-512,316,0.2780,0.0934,0.0896,0.0914,0.0416,0.5941
ML-KEM-512,317,0.4112,0.0995,0.0899,0.0956,0.0437,0.7399
ML-KEM-512,318,0.3023,0.1310,0.1099,0.1258,0.0476,0.7166
ML-KEM-512,319,0.3066,0.1305,0.1527,0.1230,0.0487,0.7614
ML-KEM-512,320,0.2851,0.1262,0.1330,0.1335,0.0868,0.7647
ML-KEM-512,321,0.3346,0.1580,0.1260,0.1078,0.0414,0.7679
ML-KEM-512,322,0.3035,0.1491,0.1165,0.1811,0.0379,0.7882
ML-KEM-512,323,0.2538,0.1406,0.0925,0.0866,0.0434,0.6168
ML-KEM-512,324,0.2704,0.1077,0.1013,0.1351,0.0482,0.6626
ML-KEM-512,325,0.3058,0.1204,0.2265,0.1330,0.0513,0.8371
ML-KEM-512,326,0.3411,0.2090,0.1200,0.1520,0.1406,0.9627
ML-KEM-512,327,0.3020,0.1205,0.1354,0.0965,0.0465,0.7008
ML-KEM-512,328,0.2780,0.1026,0.1137,0.1161,0.1079,0.7182
ML-KEM-512,329,0.3077,0.1238,0.1121,0.1650,0.0620,0.7706
ML-KEM-512,330,0.3087,0.1122,0.0916,0.0932,0.0399,0.6457
ML-KEM-512,331,0.2483,0.0856,0.0819,0.0880,0.0264,0.5301
ML-KEM-512,332,0.2494,0.0791,0.0847,0.0623,0.0260,0.5015
ML-KEM-512,333,0.2302,0.1036,0.0837,0.0789,0.0245,0.5208
ML-KEM-512,334,0.2296,0.0919,0.0829,0.0713,0.0406,0.5161
ML-KEM-512,335,0.2561,0.0991,0.0810,0.0767,0.0242,0.5371
ML-KEM-512,336,0.2727,0.0879,0.0874,0.0712,0.0268,0.5459
ML-KEM-512,337,0.2710,0.1112,0.0833,0.0849,0.0254,0.5758
ML-KEM-512,338,0.2426,0.0819,0.1104,0.0737,0.0444,0.5529
ML-KEM-512,339,0.2338,0.1024,0.0835,0.0723,0.0292,0.5211
ML-KEM-512,340,0.2268,0.0930,0.0803,0.0598,0.0230,0.4828
ML-KEM-512,341,0.1947,0.0800,0.0846,0.0623,0.0259,0.4475
ML-KEM-512,342,0.2081,0.0778,0.0819,0.0608,0.0374,0.4660
ML-KEM-512,343,0.2290,0.0847,0.0792,0.0615,0.0273,0.4818
ML-KEM-512,344,0.2025,0.0956,0.1031,0.0836,0.0355,0.5202
ML-KEM-512,345,0.2654,0.1203,0.1147,0.1130,0.0380,0.6513
ML-KEM-512,346,0.3166,0.1117,0.1118,0.1635,0.0433,0.7469
ML-KEM-512,347,0.2935,0.1092,0.0933,0.0753,0.0249,0.5961
ML-KEM-512,348,0.2472,0.0974,0.1023,0.0865,0.0327,0.5661
ML-KEM-512,349,0.2215,0.0992,0.0879,0.0672,0.0256,0.5014
ML-KEM-512,350,0.2160,0.1046,0.1103,0.0852,0.0313,0.5475
ML-KEM-512,351,0.2304,0.0791,0.2596,0.0673,0.0232,0.6597
ML-KEM-512,352,0.1879,0.0713,0.0836,0.0431,0.0254,0.4113
ML-KEM-512,353,0.1794,0.0872,0.0983,0.0839,0.0269,0.4757
ML-KEM-512,354,0.2662,0.1032,0.1099,0.1078,0.0389,0.6261
ML-KEM-512,355,0.2674,0.0954,0.0969,0.0731,0.0237,0.5566
ML-KEM-512,356,0.2630,0.0749,0.0822,0.0784,0.0379,0.5364
ML-KEM-512,357,0.2130,0.0822,0.0788,0.0692,0.0235,0.4667
ML-KEM-512,358,0.2396,0.0856,0.1119,0.0885,0.0262,0.5518
ML-KEM-512,359,0.2781,0.1472,0.1186,0.1107,0.0438,0.6984
ML-KEM-512,360,0.2952,0.1343,0.1367,0.0945,0.0356,0.6963
ML-KEM-512,361,0.2504,0.1311,0.1121,0.0793,0.0354,0.6083
ML-KEM-512,362,0.2733,0.1105,0.1301,0.0940,0.0373,0.6451
ML-KEM-512,363,0.2854,0.1276,0.1359,0.0989,0.0384,0.6862
ML-KEM-512,364,0.3069,0.1105,0.1278,0.0903,0.0329,0.6684
ML-KEM-512,365,0.2974,0.0938,0.1028,0.0842,0.0333,0.6116
ML-KEM-512,366,0.3554,0.1312,0.1142,0.1005,0.0378,0.7391
ML-KEM-512,367,0.2774,0.0896,0.0992,0.0669,0.0290,0.5621
ML-KEM-512,368,0.2295,0.0800,0.0880,0.0667,0.0393,0.5036
ML-KEM-512,369,0.1899,0.0872,0.0777,0.0614,0.0488,0.4650
ML-KEM-512,370,0.2584,0.1266,0.1025,0.0929,0.0292,0.6096
ML-KEM-512,371,0.3131,0.1083,0.0917,0.0766,0.0281,0.6178
ML-KEM-512,372,0.2220,0.0765,0.0817,0.0830,0.0221,0.4854
ML-KEM-512,373,0.1931,0.0778,0.0775,0.0634,0.0230,0.4348
ML-KEM-512,374,0.2179,0.0769,0.0821,0.0621,0.0253,0.4643
ML-KEM-512,375,0.2255,0.0873,0.0843,0.0769,0.0241,0.4981
ML-KEM-512,376,0.2397,0.0948,0.0974,0.0676,0.0231,0.5227
ML-KEM-512,377,0.2140,0.0878,0.1019,0.0929,0.0320,0.5286
ML-KEM-512,378,0.2719,0.0852,0.0799,0.0686,0.0236,0.5291
ML-KEM-512,379,0.2560,0.0845,0.1170,0.1013,0.0326,0.5914
ML-KEM-512,380,0.3523,0.1149,0.1175,0.0815,0.0262,0.6924
ML-KEM-512,381,0.2593,0.0875,0.0831,0.0658,0.0223,0.5181
ML-KEM-512,382,0.2754,0.1091,0.0852,0.0834,0.0290,0.5820
ML-KEM-512,383,0.2777,0.0842,0.0858,0.0822,0.0343,0.5641
ML-KEM-512,384,0.3131,0.1155,0.1180,0.1009,0.1245,0.7720
ML-KEM-512,385,0.3057,0.1254,0.1123,0.1086,0.0347,0.6867
ML-KEM-512,386,0.2897,0.1230,0.1168,0.1378,0.0965,0.7638
ML-KEM-512,387,0.3089,0.1156,0.1177,0.1147,0.0414,0.6983
ML-KEM-512,388,0.2297,0.0782,0.0865,0.0871,0.0570,0.5384
ML-KEM-512,389,0.2439,0.0956,0.0800,0.0939,0.0397,0.5531
ML-KEM-512,390,0.2211,0.0824,0.0811,0.1085,0.0234,0.5165
ML-KEM-512,391,0.2221,0.0816,0.1121,0.0697,0.0228,0.5083
ML-KEM-512,392,0.2208,0.0773,0.0839,0.0621,0.0242,0.4682
ML-KEM-512,393,0.1895,0.0880,0.0903,0.0602,0.0245,0.4525
ML-KEM-512,394,0.1695,0.0918,0.0812,0.0540,0.0199,0.4164
ML-KEM-512,395,0.1549,0.0723,0.0822,0.0508,0.0236,0.3837
ML-KEM-512,396,0.1938,0.0723,0.0942,0.0520,0.0225,0.4349
ML-KEM-512,397,0.1755,0.0735,0.0775,0.0444,0.0221,0.3930
ML-KEM-512,398,0.1364,0.0748,0.0854,0.0518,0.0195,0.3678
ML-KEM-512,399,0.2143,0.0970,0.1264,0.1106,0.0269,0.5752
ML-KEM-512,400,0.2207,0.0841,0.0839,0.0585,0.0207,0.4680
ML-KEM-512,401,0.1836,0.0919,0.0826,0.0741,0.0254,0.4576
ML-KEM-512,402,0.2066,0.0846,0.0798,0.0607,0.0220,0.4538
ML-KEM-512,403,0.2054,0.0816,0.0810,0.0497,0.0189,0.4367
ML-KEM-512,404,0.1397,0.0675,0.0789,0.0469,0.0199,0.3529
ML-KEM-512,405,0.1283,0.0699,0.0788,0.0407,0.0187,0.3365
ML-KEM-512,406,0.1800,0.1008,0.1084,0.0702,0.0305,0.4901
ML-KEM-512,407,0.2622,0.0787,0.0904,0.0684,0.0211,0.5208
ML-KEM-512,408,0.2286,0.0803,0.0951,0.0671,0.0232,0.4944
ML-KEM-512,409,0.2547,0.1021,0.0837,0.0797,0.0237,0.5437
ML-KEM-512,410,0.2143,0.1143,0.0879,0.0673,0.0211,0.5049
ML-KEM-512,411,0.1986,0.0711,0.0837,0.0559,0.0216,0.4309
ML-KEM-512,412,0.1880,0.0698,0.0835,0.0553,0.0230,0.4195
ML-KEM-512,413,0.1746,0.0755,0.0804,0.0549,0.0215,0.4068
ML-KEM-512,414,0.1674,0.1038,0.0978,0.0619,0.0201,0.4510
ML-KEM-512,415,0.2008,0.0769,0.0851,0.0567,0.0207,0.4402
ML-KEM-512,416,0.2181,0.0804,0.1051,0.0642,0.0264,0.4942
ML-KEM-512,417,0.2077,0.1205,0.0833,0.0643,0.0200,0.4959
ML-KEM-512,418,0.1677,0.0883,0.0828,0.0540,0.0196,0.4125
ML-KEM-512,419,0.1748,0.0924,0.0858,0.0489,0.0260,0.4278
ML-KEM-512,420,0.1696,0.0764,0.0828,0.0460,0.0346,0.4094
ML-KEM-512,421,0.1686,0.0880,0.0791,0.0436,0.0291,0.4083
ML-KEM-512,422,0.1619,0.0810,0.0804,0.0455,0.0199,0.3887
ML-KEM-512,423,0.1730,0.0802,0.0847,0.0557,0.0210,0.4147
ML-KEM-512,424,0.1959,0.0858,0.1292,0.0797,0.0326,0.5231
ML-KEM-512,425,0.2571,0.1309,0.1109,0.0686,0.0370,0.6045
ML-KEM-512,426,0.2080,0.1157,0.1083,0.0603,0.0317,0.5241
ML-KEM-512,427,0.1972,0.1042,0.1112,0.0645,0.0284,0.5054
ML-KEM-512,428,0.2087,0.2361,0.1126,0.0653,0.0276,0.6502
ML-KEM-512,429,0.2112,0.1084,0.1138,0.0715,0.0313,0.5362
ML-KEM-512,430,0.2336,0.1099,0.1144,0.0757,0.0349,0.5685
ML-KEM-512,431,0.2689,0.1205,0.1160,0.0811,0.0343,0.6209
ML-KEM-512,432,0.2402,0.0994,0.1213,0.1004,0.0324,0.5937
ML-KEM-512,433,0.2401,0.1181,0.1138,0.0851,0.0304,0.5875
ML-KEM-512,434,0.2525,0.1134,0.1198,0.0745,0.0309,0.5912
ML-KEM-512,435,0.2208,0.1002,0.1144,0.0613,0.0299,0.5266
ML-KEM-512,436,0.2356,0.0814,0.0820,0.0595,0.0211,0.4796
ML-KEM-512,437,0.1427,0.0716,0.0776,0.0463,0.0191,0.3573
ML-KEM-512,438,0.1228,0.0721,0.0806,0.0447,0.0205,0.3406
ML-KEM-512,439,0.1330,0.0656,0.0814,0.0369,0.0210,0.3379
ML-KEM-512,440,0.1205,0.0675,0.0829,0.0463,0.0225,0.3397
ML-KEM-512,441,0.1770,0.0900,0.0776,0.0556,0.0212,0.4214
ML-KEM-512,442,0.1629,0.0739,0.0796,0.0452,0.0198,0.3813
ML-KEM-512,443,0.1836,0.0754,0.0827,0.0586,0.0207,0.4210
ML-KEM-512,444,0.1970,0.1010,0.0860,0.0631,0.0245,0.4716
ML-KEM-512,445,0.2431,0.0852,0.0848,0.0719,0.0270,0.5120
ML-KEM-512,446,0.2424,0.0791,0.0846,0.0698,0.0200,0.4959
ML-KEM-512,447,0.3607,0.0761,0.0820,0.0550,0.0217,0.5954
ML-KEM-512,448,0.1588,0.0710,0.1303,0.1042,0.3163,0.7805
ML-KEM-512,449,0.3050,0.1654,0.1193,0.0845,0.0433,0.7175
ML-KEM-512,450,0.2648,0.1189,0.1171,0.0799,0.0380,0.6186
ML-KEM-512,451,0.2970,0.1160,0.1209,0.0991,0.0355,0.6685
ML-KEM-512,452,0.2777,0.1085,0.1149,0.0901,0.0352,0.6265
ML-KEM-512,453,0.2475,0.1263,0.1155,0.0753,0.0332,0.5978
ML-KEM-512,454,0.2479,0.1343,0.1190,0.1003,0.0415,0.6432
ML-KEM-512,455,0.2454,0.0990,2.7694,0.1081,0.0737,3.2957
ML-KEM-512,456,0.2753,0.0903,0.0817,0.0734,0.0280,0.5486
ML-KEM-512,457,0.2263,0.0960,0.0886,0.0837,0.0371,0.5318
ML-KEM-512,458,0.2182,0.1048,0.0874,0.0765,0.0316,0.5185
ML-KEM-512,459,0.1719,0.0719,0.0755,0.0607,0.0186,0.3986
ML-KEM-512,460,0.1567,0.0602,0.0658,0.0423,0.0173,0.3423
ML-KEM-512,461,0.1611,0.0642,0.0637,0.0591,0.0185,0.3666
ML-KEM-512,462,0.2140,0.1058,0.0647,0.0618,0.0202,0.4666
ML-KEM-512,463,0.2002,0.0609,0.0645,0.0520,0.0188,0.3964
ML-KEM-512,464,0.2077,0.0910,0.0872,0.0981,0.0344,0.5184
ML-KEM-512,465,0.2173,0.0852,0.0662,0.0624,0.0251,0.4561
ML-KEM-512,466,0.2195,0.0699,0.0664,0.0695,0.0210,0.4463
ML-KEM-512,467,0.2262,0.0719,0.0813,0.0552,0.0193,0.4538
ML-KEM-512,468,0.1508,0.0590,0.0610,0.0448,0.0167,0.3324
ML-KEM-512,469,0.1353,0.0586,0.0904,0.0522,0.0182,0.3546
ML-KEM-512,470,0.1663,0.0600,0.0628,0.0596,0.0198,0.3685
ML-KEM-512,471,0.1534,0.0575,0.0615,0.0458,0.0179,0.3362
ML-KEM-512,472,0.1365,0.0574,0.0615,0.0420,0.0166,0.3139
ML-KEM-512,473,0.1409,0.0660,0.0622,0.0495,0.0177,0.3363
ML-KEM-512,474,0.1344,0.0570,0.0619,0.0449,0.0174,0.3156
ML-KEM-512,475,0.1401,0.0607,0.0618,0.0456,0.0175,0.3257
ML-KEM-512,476,0.1483,0.0600,0.0636,0.0471,0.0186,0.3376
ML-KEM-512,477,0.1509,0.0602,0.0619,0.0542,0.0184,0.3455
ML-KEM-512,478,0.1921,0.0895,0.0661,0.0645,0.0192,0.4314
ML-KEM-512,479,0.1865,0.0718,0.0646,0.0535,0.0193,0.3956
ML-KEM-512,480,0.1500,0.0661,0.0775,0.0693,0.0266,0.3896
ML-KEM-512,481,0.1501,0.0698,0.0629,0.0527,0.0178,0.3533
ML-KEM-512,482,0.1389,0.0607,0.0614,0.0548,0.0228,0.3386
ML-KEM-512,483,0.1707,0.0765,0.0834,0.0688,0.0265,0.4258
ML-KEM-512,484,0.1970,0.0835,0.0867,0.0710,0.0217,0.4598
ML-KEM-512,485,0.1298,0.0697,0.0842,0.0412,0.0211,0.3459
ML-KEM-512,486,0.1228,0.0675,0.0812,0.0540,0.0193,0.3448
ML-KEM-512,487,0.1556,0.0752,0.0841,0.0523,0.0209,0.3882
ML-KEM-512,488,0.1586,0.0810,0.1271,0.0649,0.0206,0.4522
ML-KEM-512,489,0.2231,0.1091,0.0670,0.0588,0.0191,0.4771
ML-KEM-512,490,0.1376,0.0545,0.0617,0.0438,0.0168,0.3145
ML-KEM-512,491,0.1384,0.0581,0.0771,0.0550,0.0186,0.3471
ML-KEM-512,492,0.1503,0.0579,0.0621,0.0460,0.0171,0.3333
ML-KEM-512,493,0.1870,0.0623,0.0658,0.0496,0.0170,0.3817
ML-KEM-512,494,0.1379,0.0564,0.0634,0.0411,0.0171,0.3159
ML-KEM-512,495,0.1621,0.0563,0.0615,0.0379,0.0163,0.3341
ML-KEM-512,496,0.1182,0.0581,0.0612,0.0397,0.0161,0.2933
ML-KEM-512,497,0.1335,0.0647,0.0607,0.0407,0.0169,0.3163
ML-KEM-512,498,0.0993,0.0508,0.0602,0.0303,0.0147,0.2552
ML-KEM-512,499,0.0838,0.0490,0.0582,0.0244,0.0134,0.2287
ML-KEM-512,500,0.0928,0.0492,0.0578,0.0224,0.0136,0.2358
ML-KEM-512,501,0.0736,0.0466,0.0569,0.0193,0.0120,0.2083
ML-KEM-512,502,0.0724,0.0471,0.0567,0.0205,0.0125,0.2092
ML-KEM-512,503,0.0895,0.0503,0.0578,0.0223,0.0132,0.2332
ML-KEM-512,504,0.0776,0.0474,0.0571,0.0204,0.0127,0.2152
ML-KEM-512,505,0.0806,0.0546,0.0577,0.0215,0.0129,0.2273
ML-KEM-512,506,0.0760,0.0475,0.0705,0.0233,0.0130,0.2303
ML-KEM-512,507,0.0794,0.0480,0.0571,0.0217,0.0151,0.2212
ML-KEM-512,508,0.0809,0.0476,0.0604,0.0349,0.0130,0.2367
ML-KEM-512,509,0.0762,0.0487,0.0580,0.0222,0.0127,0.2179
ML-KEM-512,510,0.2692,0.0742,0.0750,0.0624,0.0255,0.5063
ML-KEM-512,511,0.2045,0.0788,0.0820,0.0595,0.0280,0.4528
ML-KEM-512,512,0.2536,0.1214,0.1227,0.0914,0.0917,0.6808
ML-KEM-512,513,0.1578,0.0954,0.0836,0.0517,0.0246,0.4131
ML-KEM-512,514,0.1619,0.0744,0.0841,0.0446,0.0207,0.3857
ML-KEM-512,515,0.1259,0.0650,0.0782,0.0455,0.0216,0.3362
ML-KEM-512,516,0.2350,0.0772,0.0850,0.0670,0.0245,0.4886
ML-KEM-512,517,0.1623,0.0730,0.0657,0.0542,0.0275,0.3827
ML-KEM-512,518,0.1137,0.0531,0.0682,0.0352,0.0158,0.2860
ML-KEM-512,519,0.1592,0.0768,0.0844,0.0455,0.0220,0.3880
ML-KEM-512,520,0.1129,0.0511,0.0597,0.0331,0.0146,0.2714
ML-KEM-512,521,0.1264,0.0655,0.0644,0.0361,0.0173,0.3097
ML-KEM-512,522,0.1224,0.0583,0.0654,0.0442,0.0179,0.3081
ML-KEM-512,523,0.1551,0.0555,0.0604,0.0348,0.0163,0.3221
ML-KEM-512,524,0.0990,0.0509,0.0582,0.0224,0.0133,0.2438
ML-KEM-512,525,0.0782,0.0477,0.0572,0.0191,0.0125,0.2147
ML-KEM-512,526,0.0748,0.0587,0.0589,0.0207,0.0125,0.2256
ML-KEM-512,527,0.1035,0.0552,0.0608,0.0427,0.0163,0.2784
ML-KEM-512,528,0.1186,0.0519,0.0712,0.0304,0.0188,0.2909
ML-KEM-512,529,0.1051,0.0596,0.0592,0.0228,0.0131,0.2599
ML-KEM-512,530,0.0818,0.0483,0.0583,0.0203,0.0134,0.2222
ML-KEM-512,531,0.0813,0.0487,0.0579,0.0235,0.0130,0.2245
ML-KEM-512,532,0.1012,0.0490,0.0586,0.0214,0.0133,0.2435
ML-KEM-512,533,0.0859,0.0495,0.0588,0.0202,0.0128,0.2272
ML-KEM-512,534,0.0747,0.0514,0.0571,0.0326,0.0182,0.2340
ML-KEM-512,535,0.1071,0.0654,0.0603,0.0391,0.0156,0.2875
ML-KEM-512,536,0.1090,0.0505,0.0601,0.0275,0.0139,0.2610
ML-KEM-512,537,0.0967,0.0573,0.0585,0.0250,0.0137,0.2512
ML-KEM-512,538,0.0953,0.0537,0.0590,0.0261,0.0132,0.2473
ML-KEM-512,539,0.0862,0.0489,0.0578,0.0205,0.0126,0.2260
ML-KEM-512,540,0.0870,0.0505,0.0579,0.0219,0.0129,0.2302
ML-KEM-512,541,0.0802,0.0484,0.0718,0.0287,0.0140,0.2431
ML-KEM-512,542,0.1529,0.0721,0.0822,0.0541,0.0227,0.3840
ML-KEM-512,543,0.1227,0.0532,0.0602,0.0348,0.0149,0.2858
ML-KEM-512,544,0.0835,0.0483,0.0623,0.0259,0.0156,0.2355
ML-KEM-512,545,0.1060,0.0865,0.0811,0.0740,0.0183,0.3660
ML-KEM-512,546,0.1529,0.0630,0.0632,0.0596,0.0234,0.3622
ML-KEM-512,547,0.1797,0.0655,0.0639,0.0639,0.0404,0.4133
ML-KEM-512,548,0.2244,0.0865,0.0890,0.0799,0.0286,0.5084
ML-KEM-512,549,0.2239,0.0930,0.0971,0.0671,0.0204,0.5015
ML-KEM-512,550,0.1813,0.0687,0.0661,0.0512,0.0196,0.3869
ML-KEM-512,551,0.1489,0.0587,0.0616,0.0482,0.0174,0.3348
ML-KEM-512,552,0.1407,0.0583,0.0629,0.0466,0.0199,0.3284
ML-KEM-512,553,0.1253,0.0671,0.0610,0.0437,0.0174,0.3145
ML-KEM-512,554,0.1235,0.0747,0.0630,0.0452,0.0185,0.3249
ML-KEM-512,555,0.1245,0.0572,0.0668,0.0403,0.0172,0.3059
ML-KEM-512,556,0.1255,0.0545,0.0599,0.0548,0.0169,0.3115
ML-KEM-512,557,0.1273,0.0562,0.0609,0.0399,0.0253,0.3096
ML-KEM-512,558,0.1277,0.0561,0.0620,0.0356,0.0163,0.2976
ML-KEM-512,559,0.1341,0.0557,0.0610,0.0428,0.0165,0.3100
ML-KEM-512,560,0.1255,0.0549,0.0617,0.0389,0.0166,0.2977
ML-KEM-512,561,0.1251,0.0632,0.0617,0.0437,0.0157,0.3093
ML-KEM-512,562,0.1451,0.0760,0.0813,0.0616,0.0254,0.3894
ML-KEM-512,563,0.1978,0.0837,0.0821,0.0719,0.0274,0.4629
ML-KEM-512,564,0.2078,0.0805,0.1007,0.0610,0.0248,0.4747
ML-KEM-512,565,0.2011,0.0747,0.0702,0.0586,0.0209,0.4255
ML-KEM-512,566,0.1493,0.0594,0.0643,0.0404,0.0166,0.3301
ML-KEM-512,567,0.1378,0.0564,0.0771,0.0441,0.0181,0.3335
ML-KEM-512,568,0.1213,0.0692,0.0626,0.0405,0.0171,0.3106
ML-KEM-512,569,0.1237,0.0650,0.0620,0.0399,0.0167,0.3073
ML-KEM-512,570,0.1102,0.0556,0.0833,0.0440,0.0176,0.3107
ML-KEM-512,571,0.2099,0.0680,0.0665,0.0566,0.0193,0.4204
ML-KEM-512,572,0.2025,0.0649,0.0743,0.0576,0.0209,0.4201
ML-KEM-512,573,0.1729,0.0629,0.0631,0.0556,0.0180,0.3725
ML-KEM-512,574,0.1836,0.0618,0.0635,0.0566,0.0186,0.3841
ML-KEM-512,575,0.1733,0.0638,0.0635,0.0535,0.0316,0.3857
ML-KEM-512,576,0.1570,0.0607,0.0629,0.0535,0.0189,0.3531
ML-KEM-512,577,0.1752,0.1050,0.0897,0.0744,0.0281,0.4725
ML-KEM-512,578,0.2761,0.0754,0.0658,0.0737,0.0452,0.5361
ML-KEM-512,579,0.1937,0.0707,0.0713,0.0648,0.0205,0.4210
ML-KEM-512,580,0.1993,0.0966,0.0661,0.0690,0.0224,0.4533
ML-KEM-512,581,0.1850,0.0621,0.0777,0.0579,0.0221,0.4047
ML-KEM-512,582,0.1649,0.0565,0.1110,0.0503,0.0189,0.4016
ML-KEM-512,583,0.1529,0.0570,0.0774,0.0654,0.0241,0.3769
ML-KEM-512,584,0.1551,0.0606,0.0616,0.0685,0.0208,0.3665
ML-KEM-512,585,0.1558,0.0713,0.0623,0.0616,0.0197,0.3706
ML-KEM-512,586,0.1334,0.0556,0.0606,0.0544,0.0277,0.3317
ML-KEM-512,587,0.1305,0.0744,0.0618,0.0467,0.0155,0.3288
ML-KEM-512,588,0.1511,0.0562,0.0628,0.0451,0.0174,0.3326
ML-KEM-512,589,0.1350,0.0728,0.0630,0.0393,0.0152,0.3253
ML-KEM-512,590,0.1241,0.0563,0.0596,0.0391,0.0144,0.2936
ML-KEM-512,591,0.1455,0.0652,0.0626,0.0659,0.0177,0.3569
ML-KEM-512,592,0.1261,0.0549,0.0600,0.0370,0.0152,0.2932
ML-KEM-512,593,0.1085,0.0654,0.0714,0.0576,0.0240,0.3268
ML-KEM-512,594,0.1461,0.0571,0.0615,0.0437,0.0172,0.3256
ML-KEM-512,595,0.1328,0.0580,0.0623,0.0493,0.0172,0.3195
ML-KEM-512,596,0.1583,0.0564,0.0620,0.0478,0.0161,0.3406
ML-KEM-512,597,0.1228,0.0535,0.0587,0.0422,0.0152,0.2924
ML-KEM-512,598,0.1239,0.0702,0.0630,0.0535,0.0173,0.3278
ML-KEM-512,599,0.1446,0.0598,0.0611,0.0532,0.0377,0.3564
ML-KEM-512,600,0.1555,0.0589,0.0608,0.0493,0.0168,0.3414
ML-KEM-512,601,0.1457,0.0712,0.0765,0.0506,0.0165,0.3604
ML-KEM-512,602,0.1358,0.0625,0.0605,0.0449,0.0157,0.3194
ML-KEM-512,603,0.1295,0.0557,0.0604,0.0374,0.0311,0.3141
ML-KEM-512,604,0.1532,0.0588,0.0605,0.0472,0.0178,0.3375
ML-KEM-512,605,0.1387,0.0572,0.0617,0.0440,0.0173,0.3188
ML-KEM-512,606,0.1435,0.0588,0.0623,0.0482,0.0170,0.3298
ML-KEM-512,607,0.1435,0.0559,0.0601,0.0700,0.0183,0.3478
ML-KEM-512,608,0.1477,0.0605,0.0661,0.0496,0.0190,0.3429
ML-KEM-512,609,0.1583,0.0743,0.0802,0.0649,0.0192,0.3970
ML-KEM-512,610,0.1607,0.0599,0.0618,0.0510,0.0169,0.3504
ML-KEM-512,611,0.1426,0.0732,0.0633,0.0660,0.0210,0.3661
ML-KEM-512,612,0.2208,0.0711,0.0625,0.0458,0.0168,0.4170
ML-KEM-512,613,0.1429,0.0574,0.0614,0.0457,0.0194,0.3267
ML-KEM-512,614,0.1543,0.0588,0.0646,0.0595,0.0208,0.3581
ML-KEM-512,615,0.1917,0.0811,0.0860,0.0652,0.0221,0.4461
ML-KEM-512,616,0.1921,0.0810,0.0685,0.0744,0.0303,0.4463
ML-KEM-512,617,0.1527,0.0670,0.0615,0.0466,0.0167,0.3444
ML-KEM-512,618,0.1517,0.0553,0.0746,0.0443,0.0167,0.3426
ML-KEM-512,619,0.1713,0.0598,0.0598,0.0506,0.0179,0.3593
ML-KEM-512,620,0.1531,0.0562,0.0607,0.0536,0.0192,0.3429
ML-KEM-512,621,0.1430,0.0574,0.0595,0.0409,0.0171,0.3178
ML-KEM-512,622,0.1685,0.0573,0.0612,0.0512,0.0173,0.3555
ML-KEM-512,623,0.1491,0.0543,0.0603,0.0391,0.0155,0.3184
ML-KEM-512,624,0.1512,0.0602,0.0616,0.0561,0.0207,0.3498
ML-KEM-512,625,0.1732,0.0908,0.0764,0.0729,0.0208,0.4341
ML-KEM-512,626,0.1522,0.0576,0.0785,0.0352,0.0174,0.3409
ML-KEM-512,627,0.0936,0.0513,0.0591,0.0299,0.0175,0.2514
ML-KEM-512,628,0.2027,0.0587,0.0607,0.0593,0.0196,0.4010
ML-KEM-512,629,0.1734,0.0661,0.0694,0.0855,0.0244,0.4187
ML-KEM-512,630,0.1649,0.0635,0.0655,0.0554,0.0214,0.3707
ML-KEM-512,631,0.1597,0.0844,0.0822,0.0449,0.0169,0.3881
ML-KEM-512,632,0.1550,0.0728,0.0706,0.0642,0.0202,0.3828
ML-KEM-512,633,0.1878,0.0705,0.0620,0.0572,0.0180,0.3955
ML-KEM-512,634,0.1666,0.0716,0.0695,0.0683,0.0429,0.4189
ML-KEM-512,635,0.1517,0.0578,0.0637,0.0538,0.0176,0.3447
ML-KEM-512,636,0.1445,0.0591,0.0675,0.0710,0.0176,0.3596
ML-KEM-512,637,0.1412,0.0564,0.0629,0.0429,0.0158,0.3192
ML-KEM-512,638,0.2037,0.0627,0.0837,0.0673,0.0238,0.4411
ML-KEM-512,639,0.2529,0.0953,0.0810,0.0756,0.0262,0.5310
ML-KEM-512,640,0.3090,0.0951,0.0960,0.0791,0.0357,0.6149
ML-KEM-512,641,0.2054,0.1036,0.0830,0.0856,0.0316,0.5092
ML-KEM-512,642,0.2942,0.0829,0.0773,0.0677,0.0278,0.5498
ML-KEM-512,643,0.2121,0.1024,0.0853,0.0909,0.0303,0.5210
ML-KEM-512,644,0.2926,0.1032,0.0959,0.0988,0.0275,0.6180
ML-KEM-512,645,0.1886,0.0805,0.0843,0.0842,0.0327,0.4703
ML-KEM-512,646,0.2568,0.1045,0.0823,0.0723,0.0231,0.5390
ML-KEM-512,647,0.1293,0.0637,0.0797,0.0495,0.0465,0.3688
ML-KEM-512,648,0.1577,0.1316,0.0838,0.0599,0.0188,0.4518
ML-KEM-512,649,0.1401,0.0807,0.0647,0.0484,0.0171,0.3510
ML-KEM-512,650,0.1428,0.0958,0.0777,0.0605,0.0172,0.3940
ML-KEM-512,651,0.1367,0.0678,0.0631,0.0497,0.0180,0.3353
ML-KEM-512,652,0.1553,0.0776,0.0908,0.0704,0.0261,0.4201
ML-KEM-512,653,0.1612,0.0835,0.0906,0.0716,0.0237,0.4306
ML-KEM-512,654,0.1619,0.0859,0.0914,0.0738,0.0530,0.4661
ML-KEM-512,655,0.1869,0.0863,0.0868,0.0650,0.0410,0.4659
ML-KEM-512,656,0.1376,0.0908,0.0902,0.0580,0.0222,0.3989
ML-KEM-512,657,0.1467,0.0862,0.0879,0.0514,0.0215,0.3937
ML-KEM-512,658,0.1108,0.0791,0.0824,0.0552,0.0212,0.3487
ML-KEM-512,659,0.1107,0.0760,0.0833,0.0472,0.0205,0.3377
ML-KEM-512,660,0.1323,0.0722,0.0700,0.0626,0.0193,0.3564
ML-KEM-512,661,0.1731,0.0778,0.0850,0.0750,0.0276,0.4385
ML-KEM-512,662,0.1853,0.0916,0.0968,0.0751,0.0254,0.4741
ML-KEM-512,663,0.1646,0.0660,0.0640,0.0512,0.0176,0.3633
ML-KEM-512,664,0.0995,0.0554,0.0639,0.0519,0.0171,0.2878
ML-KEM-512,665,0.0846,0.0762,0.0611,0.0401,0.0155,0.2775
ML-KEM-512,666,0.1163,0.0666,0.0591,0.0547,0.0206,0.3173
ML-KEM-512,667,0.0862,0.0505,0.0589,0.0268,0.0147,0.2371
ML-KEM-512,668,0.1108,0.0580,0.0606,0.0405,0.0152,0.2850
ML-KEM-512,669,0.0993,0.0545,0.0613,0.0772,0.0282,0.3206
ML-KEM-512,670,0.1318,0.0860,0.0877,0.0744,0.0275,0.4074
ML-KEM-512,671,0.1775,0.0857,0.0941,0.0666,0.0255,0.4495
ML-KEM-512,672,0.1454,0.0970,0.1044,0.0595,0.0269,0.4332
ML-KEM-512,673,0.1694,0.1046,0.0891,0.0906,0.0335,0.4872
ML-KEM-512,674,0.1609,0.0828,0.0877,0.0702,0.0240,0.4256
ML-KEM-512,675,0.1900,0.0878,0.0882,0.0612,0.0243,0.4514
ML-KEM-512,676,0.1748,0.0873,0.1076,0.0653,0.0255,0.4606
ML-KEM-512,677,0.1280,0.0679,0.0831,0.0408,0.0214,0.3412
ML-KEM-512,678,0.1515,0.0825,0.0988,0.0664,0.0242,0.4234
ML-KEM-512,679,0.2084,0.0853,0.0905,0.0668,0.0232,0.4742
ML-KEM-512,680,0.1449,0.0817,0.0965,0.1046,0.0255,0.4532
ML-KEM-512,681,0.1581,0.1134,0.0971,0.0691,0.0265,0.4642
ML-KEM-512,682,0.1557,0.0838,0.0990,0.0666,0.0251,0.4301
ML-KEM-512,683,0.1552,0.0844,0.1238,0.0555,0.0251,0.4439
ML-KEM-512,684,0.1724,0.0781,0.0842,0.0657,0.0211,0.4215
ML-KEM-512,685,0.1573,0.0655,0.0657,0.0650,0.0364,0.3899
ML-KEM-512,686,0.1026,0.0542,0.0747,0.0379,0.0156,0.2850
ML-KEM-512,687,0.0866,0.0512,0.0585,0.0249,0.0127,0.2340
ML-KEM-512,688,0.0643,0.0471,0.0572,0.0230,0.0125,0.2041
ML-KEM-512,689,0.1018,0.0927,0.0891,0.0730,0.0282,0.3848
ML-KEM-512,690,0.1702,0.0892,0.0958,0.0705,0.0334,0.4590
ML-KEM-512,691,0.2287,0.1050,0.1018,0.0855,0.0531,0.5741
ML-KEM-512,692,0.1719,0.0895,0.0877,0.0725,0.0260,0.4476
ML-KEM-512,693,0.1485,0.0819,0.1085,0.0643,0.0557,0.4590
ML-KEM-512,694,0.1671,0.0879,0.0918,0.0676,0.0447,0.4590
ML-KEM-512,695,0.1628,0.0823,0.0950,0.0533,0.0250,0.4184
ML-KEM-512,696,0.1527,0.0806,0.1029,0.0575,0.0230,0.4167
ML-KEM-512,697,0.1398,0.0850,0.0863,0.0636,0.0255,0.4003
ML-KEM-512,698,0.1539,0.0767,0.0864,0.0558,0.0228,0.3956
ML-KEM-512,699,0.1427,0.0777,0.0855,0.0571,0.0242,0.3872
ML-KEM-512,700,0.1401,0.0764,0.0856,0.0498,0.0277,0.3795
ML-KEM-512,701,0.1337,0.0794,0.0835,0.0494,0.0232,0.3692
ML-KEM-512,702,0.1259,0.0741,0.0837,0.0465,0.0425,0.3727
ML-KEM-512,703,0.1371,0.0758,0.0859,0.0654,0.0219,0.3862
ML-KEM-512,704,0.1306,0.0704,0.0852,0.0469,0.0204,0.3536
ML-KEM-512,705,0.1025,0.0774,0.1169,0.0408,0.0217,0.3593
ML-KEM-512,706,0.1268,0.0731,0.0849,0.0465,0.0207,0.3520
ML-KEM-512,707,0.1265,0.0791,0.1029,0.0567,0.0225,0.3877
ML-KEM-512,708,0.1386,0.0806,0.0877,0.0545,0.0205,0.3820
ML-KEM-512,709,0.1651,0.0781,0.0869,0.0632,0.0232,0.4166
ML-KEM-512,710,0.1567,0.0833,0.0894,0.0598,0.0236,0.4128
ML-KEM-512,711,0.1414,0.0776,0.0858,0.0578,0.0228,0.3855
ML-KEM-512,712,0.1474,0.0813,0.1010,0.0586,0.0220,0.4103
ML-KEM-512,713,0.1393,0.0881,0.0851,0.0588,0.0213,0.3926
ML-KEM-512,714,0.1454,0.0797,0.0842,0.0419,0.0209,0.3720
ML-KEM-512,715,0.1171,0.0767,0.0846,0.0452,0.0212,0.3448
ML-KEM-512,716,0.1683,0.0796,0.0923,0.0781,0.0274,0.4457
ML-KEM-512,717,0.1477,0.0821,0.0862,0.0577,0.0390,0.4128
ML-KEM-512,718,0.1520,0.0810,0.0877,0.0580,0.0221,0.4009
ML-KEM-512,719,0.1501,0.0945,0.0902,0.0665,0.0241,0.4252
ML-KEM-512,720,0.1432,0.0811,0.0878,0.0620,0.0216,0.3956
ML-KEM-512,721,0.1487,0.0886,0.0890,0.0801,0.0282,0.4346
ML-KEM-512,722,0.1856,0.1150,0.0929,0.0738,0.0231,0.4904
ML-KEM-512,723,0.1372,0.0765,0.0875,0.0580,0.0210,0.3803
ML-KEM-512,724,0.1377,0.0812,0.0873,0.0588,0.0209,0.3860
ML-KEM-512,725,0.1608,0.1164,0.1180,0.0733,0.0284,0.4969
ML-KEM-512,726,0.1569,0.0968,0.0796,0.0726,0.0248,0.4308
ML-KEM-512,727,0.1461,0.0856,0.0889,0.0622,0.0234,0.4062
ML-KEM-512,728,0.1574,0.0802,0.0698,0.0845,0.0201,0.4120
ML-KEM-512,729,0.1228,0.0643,0.0642,0.0459,0.0164,0.3136
ML-KEM-512,730,0.0922,0.0558,0.0616,0.0297,0.0142,0.2535
ML-KEM-512,731,0.0837,0.0518,0.0606,0.0326,0.0130,0.2417
ML-KEM-512,732,0.0748,0.0492,0.0576,0.0292,0.0133,0.2241
ML-KEM-512,733,0.0695,0.0480,0.0610,0.0282,0.0127,0.2193
ML-KEM-512,734,0.0871,0.0502,0.0574,0.0343,0.0141,0.2431
ML-KEM-512,735,0.0891,0.0507,0.0589,0.0270,0.0137,0.2394
ML-KEM-512,736,0.0623,0.0464,0.0573,0.0266,0.0131,0.2058
ML-KEM-512,737,0.0631,0.0690,0.0592,0.0280,0.0128,0.2322
ML-KEM-512,738,0.0718,0.0482,0.0580,0.0277,0.0131,0.2188
ML-KEM-512,739,0.0631,0.0470,0.0577,0.0262,0.0136,0.2076
ML-KEM-512,740,0.0730,0.0483,0.0683,0.0300,0.0126,0.2321
ML-KEM-512,741,0.0765,0.0508,0.0585,0.0320,0.0137,0.2315
ML-KEM-512,742,0.0683,0.0478,0.0557,0.0269,0.0129,0.2116
ML-KEM-512,743,0.0703,0.0467,0.0571,0.0258,0.0127,0.2126
ML-KEM-512,744,0.0721,0.0497,0.0584,0.0317,0.0137,0.2256
ML-KEM-512,745,0.0840,0.0557,0.0583,0.0268,0.0124,0.2372
ML-KEM-512,746,0.0666,0.0480,0.0597,0.0256,0.0131,0.2130
ML-KEM-512,747,0.0856,0.0483,0.0581,0.0275,0.0126,0.2321
ML-KEM-512,748,0.0828,0.0501,0.0583,0.0330,0.0155,0.2397
ML-KEM-512,749,0.0783,0.0510,0.0595,0.0329,0.0133,0.2349
ML-KEM-512,750,0.1032,0.0521,0.0595,0.0389,0.0142,0.2678
ML-KEM-512,751,0.1015,0.0511,0.0604,0.0383,0.0140,0.2652
ML-KEM-512,752,0.0894,0.0523,0.0597,0.0389,0.0302,0.2705
ML-KEM-512,753,0.0931,0.0573,0.0609,0.0395,0.0152,0.2659
ML-KEM-512,754,0.0981,0.0542,0.0616,0.0372,0.0135,0.2646
ML-KEM-512,755,0.0823,0.0637,0.0607,0.0400,0.0138,0.2605
ML-KEM-512,756,0.0983,0.0543,0.0616,0.0470,0.0151,0.2762
ML-KEM-512,757,0.0838,0.0503,0.0590,0.0345,0.0140,0.2416
ML-KEM-512,758,0.0965,0.0542,0.0608,0.0480,0.0164,0.2760
ML-KEM-512,759,0.0946,0.0520,0.0600,0.0329,0.0139,0.2534
ML-KEM-512,760,0.0857,0.0503,0.0737,0.0373,0.0142,0.2613
ML-KEM-512,761,0.1159,0.0683,0.0640,0.0503,0.0164,0.3150
ML-KEM-512,762,0.0847,0.0546,0.0596,0.0334,0.0351,0.2675
ML-KEM-512,763,0.0777,0.0521,0.0590,0.0404,0.0404,0.2697
ML-KEM-512,764,0.1243,0.0777,0.1015,0.0560,0.0236,0.3830
ML-KEM-512,765,0.1437,0.0819,0.0827,0.0594,0.0221,0.3898
ML-KEM-512,766,0.2107,0.1011,0.0871,0.0698,0.0239,0.4926
ML-KEM-512,767,0.2934,0.0938,0.0841,0.0725,0.0232,0.5670
ML-KEM-512,768,0.1699,0.1198,0.1197,0.0780,0.0487,0.5361
ML-KEM-512,769,0.1734,0.1066,0.0960,0.0787,0.0298,0.4844
ML-KEM-512,770,0.2080,0.1256,0.0964,0.0852,0.0213,0.5364
ML-KEM-512,771,0.1588,0.1143,0.1133,0.1426,0.0364,0.5654
ML-KEM-512,772,0.2169,0.0853,0.0920,0.0812,0.0253,0.5007
ML-KEM-512,773,0.1631,0.0663,0.1853,0.0718,0.0193,0.5058
ML-KEM-512,774,0.1465,0.0556,0.0846,0.1068,0.0166,0.4101
ML-KEM-512,775,0.1603,0.0761,0.0709,0.0574,0.0205,0.3852
ML-KEM-512,776,0.1399,0.0620,0.0695,0.0390,0.0165,0.3269
ML-KEM-512,777,0.1102,0.0647,0.0651,0.0384,0.0156,0.2939
ML-KEM-512,778,0.1231,0.0618,0.0638,0.0391,0.0162,0.3040
ML-KEM-512,779,0.1208,0.0618,0.0638,0.0434,0.0225,0.3124
ML-KEM-512,780,0.1301,0.0532,0.0717,0.0409,0.0161,0.3121
ML-KEM-512,781,0.1003,0.0488,0.0560,0.0338,0.0148,0.2538
ML-KEM-512,782,0.0872,0.0469,0.0564,0.0287,0.0145,0.2337
ML-KEM-512,783,0.0869,0.0607,0.0551,0.0302,0.0137,0.2466
ML-KEM-512,784,0.0968,0.0487,0.0706,0.0360,0.0157,0.2678
ML-KEM-512,785,0.0857,0.0550,0.0552,0.0454,0.0151,0.2565
ML-KEM-512,786,0.1176,0.0493,0.0573,0.0333,0.0149,0.2724
ML-KEM-512,787,0.0967,0.0504,0.0574,0.0362,0.0176,0.2582
ML-KEM-512,788,0.1280,0.0892,0.1002,0.0689,0.0306,0.4169
ML-KEM-512,789,0.1710,0.0814,0.0743,0.0835,0.0208,0.4310
ML-KEM-512,790,0.1453,0.0554,0.0585,0.0468,0.0175,0.3235
ML-KEM-512,791,0.1260,0.0524,0.0588,0.0450,0.0160,0.2982
ML-KEM-512,792,0.1231,0.0544,0.0574,0.0542,0.0181,0.3072
ML-KEM-512,793,0.1021,0.0617,0.0588,0.0486,0.0183,0.2895
ML-KEM-512,794,0.1266,0.0611,0.0699,0.0547,0.0189,0.3312
ML-KEM-512,795,0.1326,0.0566,0.0734,0.0511,0.0175,0.3312
ML-KEM-512,796,0.1454,0.0646,0.0584,0.0502,0.0176,0.3362
ML-KEM-512,797,0.1328,0.0671,0.0622,0.0446,0.0173,0.3239
ML-KEM-512,798,0.1357,0.0559,0.0585,0.0489,0.0174,0.3165
ML-KEM-512,799,0.1285,0.0573,0.0570,0.0475,0.0180,0.3082
ML-KEM-512,800,0.1187,0.0683,0.0580,0.0537,0.0610,0.3597
ML-KEM-512,801,0.1376,0.0657,0.0582,0.0553,0.0199,0.3367
ML-KEM-512,802,0.1121,0.0673,0.0571,0.0441,0.0169,0.2974
ML-KEM-512,803,0.1086,0.0518,0.0572,0.0446,0.0168,0.2789
ML-KEM-512,804,0.1146,0.0674,0.0613,0.0432,0.0175,0.3039
ML-KEM-512,805,0.1203,0.0533,0.0580,0.0567,0.0196,0.3080
ML-KEM-512,806,0.1251,0.0571,0.0583,0.0578,0.0205,0.3188
ML-KEM-512,807,0.1364,0.0630,0.0684,0.0690,0.0220,0.3588
ML-KEM-512,808,0.1301,0.0540,0.0657,0.0484,0.0180,0.3163
ML-KEM-512,809,0.1217,0.0772,0.0619,0.0474,0.0169,0.3252
ML-KEM-512,810,0.1248,0.0544,0.0581,0.0456,0.0182,0.3011
ML-KEM-512,811,0.1245,0.0554,0.0595,0.0370,0.0165,0.2929
ML-KEM-512,812,0.1189,0.0514,0.0563,0.0458,0.0176,0.2900
ML-KEM-512,813,0.1066,0.0708,0.0606,0.0525,0.0181,0.3086
ML-KEM-512,814,0.1309,0.0535,0.0576,0.0477,0.0175,0.3072
ML-KEM-512,815,0.1106,0.0527,0.0577,0.0489,0.0173,0.2873
ML-KEM-512,816,0.1018,0.0502,0.0549,0.0343,0.0150,0.2562
ML-KEM-512,817,0.0984,0.0555,0.0558,0.0343,0.0146,0.2586
ML-KEM-512,818,0.1153,0.0660,0.0576,0.0449,0.0174,0.3012
ML-KEM-512,819,0.1049,0.0517,0.0562,0.0462,0.0163,0.2754
ML-KEM-512,820,0.1066,0.0541,0.0743,0.0478,0.0168,0.2996
ML-KEM-512,821,0.1053,0.0521,0.0571,0.0445,0.0181,0.2771
ML-KEM-512,822,0.1014,0.0492,0.0558,0.0380,0.0150,0.2594
ML-KEM-512,823,0.1336,0.0583,0.0625,0.0553,0.0196,0.3292
ML-KEM-512,824,0.1222,0.0548,0.0764,0.0398,0.0154,0.3085
ML-KEM-512,825,0.1081,0.0898,0.0836,0.0558,0.0219,0.3591
ML-KEM-512,826,0.1426,0.0536,0.0570,0.0448,0.0173,0.3153
ML-KEM-512,827,0.1081,0.0697,0.0609,0.0478,0.0194,0.3059
ML-KEM-512,828,0.2025,0.0814,0.0813,0.0615,0.0246,0.4512
ML-KEM-512,829,0.2134,0.1084,0.0986,0.0622,0.0254,0.5080
ML-KEM-512,830,0.1270,0.0565,0.0588,0.0746,0.0441,0.3610
ML-KEM-512,831,0.1456,0.0778,0.0747,0.0618,0.0240,0.3838
ML-KEM-512,832,0.1280,0.0693,0.0716,0.0591,0.0221,0.3501
ML-KEM-512,833,0.1479,0.0738,0.0890,0.0508,0.0242,0.3855
ML-KEM-512,834,0.1579,0.1028,0.1083,0.0637,0.0270,0.4597
ML-KEM-512,835,0.1674,0.0920,0.0980,0.0665,0.0365,0.4603
ML-KEM-512,836,0.1844,0.0922,0.1056,0.0617,0.0287,0.4726
ML-KEM-512,837,0.1628,0.1021,0.1038,0.0572,0.0271,0.4530
ML-KEM-512,838,0.1565,0.0940,0.1029,0.0663,0.0262,0.4459
ML-KEM-512,839,0.1566,0.0897,0.0983,0.0664,0.0249,0.4360
ML-KEM-512,840,0.1527,0.0884,0.1377,0.1022,0.0408,0.5218
ML-KEM-512,841,0.1553,0.0943,0.1040,0.0657,0.0240,0.4433
ML-KEM-512,842,0.1560,0.0974,0.1027,0.0775,0.0318,0.4654
ML-KEM-512,843,0.2147,0.0979,0.1088,0.0854,0.0295,0.5363
ML-KEM-512,844,0.1434,0.0705,0.0765,0.0567,0.0381,0.3852
ML-KEM-512,845,0.1236,0.0654,0.0762,0.0410,0.0189,0.3251
ML-KEM-512,846,0.1023,0.0617,0.0759,0.0351,0.0164,0.2914
ML-KEM-512,847,0.1103,0.0617,0.0751,0.0365,0.0172,0.3007
ML-KEM-512,848,0.0949,0.0609,0.0745,0.0362,0.0173,0.2839
ML-KEM-512,849,0.1471,0.0731,0.0762,0.0489,0.0199,0.3652
ML-KEM-512,850,0.1025,0.0617,0.0735,0.0349,0.0177,0.2904
ML-KEM-512,851,0.0955,0.0804,0.0790,0.0409,0.0193,0.3150
ML-KEM-512,852,0.1131,0.0675,0.0804,0.0457,0.0188,0.3254
ML-KEM-512,853,0.1142,0.0733,0.1019,0.0605,0.0238,0.3737
ML-KEM-512,854,0.1507,0.0723,0.0810,0.0513,0.0185,0.3738
ML-KEM-512,855,0.1426,0.0663,0.0587,0.0553,0.0189,0.3418
ML-KEM-512,856,0.1050,0.0512,0.0576,0.0377,0.0190,0.2705
ML-KEM-512,857,0.0824,0.0580,0.0742,0.0399,0.0173,0.2718
ML-KEM-512,858,0.0803,0.0485,0.0553,0.0325,0.0155,0.2321
ML-KEM-512,859,0.0722,0.0474,0.0540,0.0269,0.0132,0.2138
ML-KEM-512,860,0.0673,0.0466,0.0754,0.0317,0.0145,0.2355
ML-KEM-512,861,0.0739,0.0454,0.0572,0.0242,0.0127,0.2134
ML-KEM-512,862,0.0638,0.0452,0.0547,0.0261,0.0135,0.2034
ML-KEM-512,863,0.0669,0.0613,0.0544,0.0486,0.0168,0.2480
ML-KEM-512,864,0.0914,0.0551,0.0597,0.0291,0.0147,0.2500
ML-KEM-512,865,0.0742,0.0535,0.0561,0.0277,0.0140,0.2255
ML-KEM-512,866,0.0669,0.0462,0.0742,0.0267,0.0134,0.2274
ML-KEM-512,867,0.0651,0.0454,0.0535,0.0239,0.0129,0.2007
ML-KEM-512,868,0.0743,0.0457,0.0551,0.0270,0.0143,0.2164
ML-KEM-512,869,0.0672,0.0459,0.0537,0.0188,0.0113,0.1970
ML-KEM-512,870,0.0646,0.0465,0.0543,0.0286,0.0128,0.2067
ML-KEM-512,871,0.0670,0.0439,0.0538,0.0204,0.0117,0.1967
ML-KEM-512,872,0.0635,0.0464,0.0553,0.0211,0.0124,0.1988
ML-KEM-512,873,0.0788,0.0603,0.0619,0.0349,0.0163,0.2521
ML-KEM-512,874,0.0873,0.0502,0.0573,0.0247,0.0132,0.2327
ML-KEM-512,875,0.0758,0.0450,0.0554,0.0247,0.0150,0.2158
ML-KEM-512,876,0.0931,0.0485,0.0573,0.0265,0.0155,0.2409
ML-KEM-512,877,0.0986,0.0542,0.0562,0.0389,0.0176,0.2653
ML-KEM-512,878,0.0787,0.0469,0.0555,0.0562,0.0173,0.2546
ML-KEM-512,879,0.0933,0.0498,0.0563,0.0368,0.0159,0.2522
ML-KEM-512,880,0.0851,0.0470,0.0555,0.0282,0.0144,0.2303
ML-KEM-512,881,0.0707,0.0721,0.0565,0.0281,0.0130,0.2404
ML-KEM-512,882,0.0607,0.0493,0.0621,0.0240,0.0135,0.2095
ML-KEM-512,883,0.0650,0.0636,0.0568,0.0334,0.0135,0.2322
ML-KEM-512,884,0.0693,0.0444,0.0690,0.0263,0.0129,0.2220
ML-KEM-512,885,0.0673,0.0448,0.0544,0.0212,0.0118,0.1994
ML-KEM-512,886,0.0688,0.0454,0.0542,0.0264,0.0121,0.2068
ML-KEM-512,887,0.0714,0.0496,0.0581,0.0305,0.0335,0.2431
ML-KEM-512,888,0.0925,0.0528,0.0583,0.0457,0.0166,0.2660
ML-KEM-512,889,0.0831,0.0579,0.0594,0.0346,0.0156,0.2505
ML-KEM-512,890,0.0641,0.0636,0.0559,0.0300,0.0148,0.2284
ML-KEM-512,891,0.1070,0.0668,0.0844,0.0437,0.0200,0.3219
ML-KEM-512,892,0.1302,0.0776,0.1079,0.0470,0.0226,0.3853
ML-KEM-512,893,0.1255,0.0726,0.0832,0.0378,0.0207,0.3398
ML-KEM-512,894,0.1085,0.0646,0.0983,0.0435,0.0209,0.3358
ML-KEM-512,895,0.1091,0.0646,0.0754,0.0357,0.0191,0.3040
ML-KEM-512,896,0.0975,0.0632,0.0808,0.1015,0.0374,0.3804
ML-KEM-512,897,0.1233,0.0796,0.0784,0.0505,0.0231,0.3549
ML-KEM-512,898,0.1121,0.0654,0.0796,0.1064,0.0301,0.3936
ML-KEM-512,899,0.1264,0.0775,0.0839,0.0641,0.0224,0.3742
ML-KEM-512,900,0.1078,0.0821,0.0804,0.0419,0.1117,0.4239
ML-KEM-512,901,0.1309,0.0703,0.0769,0.0430,0.0201,0.3412
ML-KEM-512,902,0.1262,0.0720,0.0823,0.0332,0.0177,0.3315
ML-KEM-512,903,0.1320,0.0686,0.0797,0.0440,0.0171,0.3415
ML-KEM-512,904,0.1186,0.0972,0.0928,0.0555,0.0232,0.3874
ML-KEM-512,905,0.1266,0.0827,0.0849,0.0451,0.0246,0.3639
ML-KEM-512,906,0.1259,0.0719,0.0814,0.0565,0.0498,0.3856
ML-KEM-512,907,0.1102,0.0728,0.0847,0.0735,0.0146,0.3559
ML-KEM-512,908,0.1156,0.0712,0.0777,0.0560,0.0155,0.3360
ML-KEM-512,909,0.0940,0.0646,0.0767,0.0479,0.0136,0.2968
ML-KEM-512,910,0.1142,0.0729,0.0781,0.0581,0.0159,0.3392
ML-KEM-512,911,0.1004,0.0632,0.0758,0.0283,0.0139,0.2815
ML-KEM-512,912,0.0841,0.0622,0.0909,0.0329,0.0117,0.2819
ML-KEM-512,913,0.1208,0.0741,0.0775,0.0320,0.0118,0.3163
ML-KEM-512,914,0.0941,0.0632,0.0773,0.0343,0.0121,0.2809
ML-KEM-512,915,0.1065,0.0643,0.0762,0.0315,0.0125,0.2909
ML-KEM-512,916,0.0916,0.0635,0.0748,0.0268,0.0120,0.2687
ML-KEM-512,917,0.0915,0.0825,0.0786,0.0334,0.0135,0.2996
ML-KEM-512,918,0.0889,0.0619,0.0759,0.0256,0.0114,0.2637
ML-KEM-512,919,0.0830,0.0606,0.0756,0.0245,0.0107,0.2544
ML-KEM-512,920,0.0899,0.0628,0.0746,0.0209,0.0107,0.2589
ML-KEM-512,921,0.1006,0.0735,0.0805,0.0332,0.0139,0.3015
ML-KEM-512,922,0.0941,0.0687,0.0796,0.0570,0.0132,0.3126
ML-KEM-512,923,0.1192,0.0718,0.0850,0.0878,0.0153,0.3790
ML-KEM-512,924,0.1200,0.0717,0.0940,0.0403,0.0138,0.3398
ML-KEM-512,925,0.1010,0.0645,0.0839,0.0267,0.0116,0.2878
ML-KEM-512,926,0.0806,0.0615,0.0790,0.0264,0.0121,0.2595
ML-KEM-512,927,0.1060,0.0647,0.0750,0.0257,0.0112,0.2825
ML-KEM-512,928,0.0904,0.0646,0.0776,0.0285,0.0178,0.2788
ML-KEM-512,929,0.0838,0.0669,0.0759,0.0215,0.0109,0.2590
ML-KEM-512,930,0.0808,0.0618,0.0743,0.0232,0.0102,0.2502
ML-KEM-512,931,0.0770,0.0613,0.0747,0.0223,0.0105,0.2459
ML-KEM-512,932,0.0877,0.0623,0.0754,0.0535,0.0159,0.2948
ML-KEM-512,933,0.1134,0.0678,0.0769,0.0382,0.0137,0.3099
ML-KEM-512,934,0.1146,0.0672,0.0785,0.0318,0.0121,0.3042
ML-KEM-512,935,0.1185,0.0710,0.0798,0.0326,0.0122,0.3141
ML-KEM-512,936,0.0958,0.0687,0.0779,0.0343,0.0116,0.2883
ML-KEM-512,937,0.1143,0.0703,0.0765,0.0310,0.0118,0.3038
ML-KEM-512,938,0.0911,0.0622,0.0759,0.0312,0.0125,0.2730
ML-KEM-512,939,0.1009,0.0998,0.0858,0.0442,0.0148,0.3453
ML-KEM-512,940,0.1281,0.0661,0.0771,0.0460,0.0160,0.3334
ML-KEM-512,941,0.1601,0.1148,0.1016,0.0792,0.0157,0.4714
ML-KEM-512,942,0.1301,0.0726,0.0816,0.0659,0.0159,0.3660
ML-KEM-512,943,0.1332,0.0709,0.0804,0.0433,0.0147,0.3425
ML-KEM-512,944,0.1235,0.0767,0.0817,0.0511,0.0149,0.3481
ML-KEM-512,945,0.1164,0.0718,0.0783,0.0316,0.0133,0.3113
ML-KEM-512,946,0.0890,0.0627,0.0779,0.0342,0.0130,0.2769
ML-KEM-512,947,0.0873,0.0814,0.0752,0.0318,0.0123,0.2881
ML-KEM-512,948,0.0955,0.0629,0.0752,0.0291,0.0124,0.2750
ML-KEM-512,949,0.0901,0.0624,0.0751,0.0285,0.0119,0.2680
ML-KEM-512,950,0.1012,0.0638,0.0762,0.0368,0.0137,0.2916
ML-KEM-512,951,0.0982,0.0611,0.0762,0.0263,0.0112,0.2729
ML-KEM-512,952,0.0803,0.0624,0.1001,0.0303,0.0121,0.2852
ML-KEM-512,953,0.1116,0.0752,0.0782,0.0477,0.0148,0.3276
ML-KEM-512,954,0.1100,0.0640,0.0764,0.0563,0.0145,0.3212
ML-KEM-512,955,0.1041,0.0654,0.0767,0.0321,0.0129,0.2912
ML-KEM-512,956,0.1090,0.0639,0.0765,0.0329,0.0132,0.2955
ML-KEM-512,957,0.1058,0.0657,0.0781,0.0434,0.0150,0.3080
ML-KEM-512,958,0.1182,0.0713,0.0785,0.0453,0.0134,0.3268
ML-KEM-512,959,0.1594,0.0706,0.0820,0.0582,0.0183,0.3886
ML-KEM-512,960,0.1303,0.0692,0.0793,0.0428,0.0144,0.3361
ML-KEM-512,961,0.1064,0.0709,0.0758,0.0338,0.0126,0.2995
ML-KEM-512,962,0.1044,0.0666,0.0964,0.0377,0.0126,0.3176
ML-KEM-512,963,0.1126,0.0643,0.0769,0.0349,0.0128,0.3016
ML-KEM-512,964,0.1238,0.0685,0.0781,0.0493,0.0138,0.3335
ML-KEM-512,965,0.1362,0.0653,0.0786,0.0319,0.0129,0.3250
ML-KEM-512,966,0.0872,0.0639,0.0741,0.0262,0.0116,0.2631
ML-KEM-512,967,0.0950,0.0627,0.0908,0.0380,0.0784,0.3650
ML-KEM-512,968,0.1181,0.0691,0.0765,0.0538,0.0132,0.3306
ML-KEM-512,969,0.0886,0.0721,0.0762,0.0216,0.0268,0.2853
ML-KEM-512,970,0.0801,0.0617,0.0757,0.0212,0.0105,0.2492
ML-KEM-512,971,0.0757,0.0602,0.0733,0.0182,0.0099,0.2374
ML-KEM-512,972,0.0755,0.0616,0.0832,0.0174,0.0095,0.2471
ML-KEM-512,973,0.0750,0.0596,0.0738,0.0150,0.0093,0.2327
ML-KEM-512,974,0.0663,0.0584,0.0735,0.0139,0.0091,0.2212
ML-KEM-512,975,0.0706,0.0590,0.0737,0.0165,0.0102,0.2299
ML-KEM-512,976,0.0952,0.0678,0.0765,0.0353,0.0125,0.2873
ML-KEM-512,977,0.1057,0.0757,0.0769,0.0422,0.0138,0.3142
ML-KEM-512,978,0.1220,0.0824,0.0817,0.0453,0.0138,0.3452
ML-KEM-512,979,0.1079,0.0631,0.0772,0.0275,0.0111,0.2868
ML-KEM-512,980,0.0890,0.0618,0.0745,0.0224,0.0100,0.2577
ML-KEM-512,981,0.0840,0.0623,0.0761,0.0292,0.0114,0.2630
ML-KEM-512,982,0.0773,0.0600,0.0892,0.0181,0.0101,0.2547
ML-KEM-512,983,0.0762,0.0594,0.0746,0.0152,0.0093,0.2348
ML-KEM-512,984,0.0767,0.0600,0.0742,0.0172,0.0095,0.2376
ML-KEM-512,985,0.0666,0.0627,0.0731,0.0143,0.0093,0.2260
ML-KEM-512,986,0.0691,0.0593,0.0741,0.0197,0.0104,0.2326
ML-KEM-512,987,0.0819,0.0617,0.0746,0.0209,0.0103,0.2496
ML-KEM-512,988,0.0788,0.0606,0.0729,0.0179,0.0098,0.2400
ML-KEM-512,989,0.0682,0.0609,0.0751,0.0252,0.0124,0.2418
ML-KEM-512,990,0.0977,0.0665,0.0742,0.0181,0.0098,0.2663
ML-KEM-512,991,0.0815,0.0614,0.0745,0.0195,0.0092,0.2459
ML-KEM-512,992,0.0689,0.0594,0.0782,0.0150,0.0092,0.2306
ML-KEM-512,993,0.0648,0.0753,0.0746,0.0159,0.0098,0.2404
ML-KEM-512,994,0.0704,0.0597,0.0735,0.0145,0.0093,0.2275
ML-KEM-512,995,0.0672,0.0610,0.0726,0.0152,0.0099,0.2259
ML-KEM-512,996,0.0719,0.0593,0.0840,0.0166,0.0100,0.2417
ML-KEM-512,997,0.0709,0.0603,0.0736,0.0178,0.0100,0.2326
ML-KEM-512,998,0.0755,0.0609,0.0758,0.0233,0.0108,0.2463
ML-KEM-512,999,0.0857,0.0612,0.0750,0.0400,0.0113,0.2732
ML-KEM-512,1000,0.0855,0.0618,0.0754,0.0262,0.0114,0.2603
